﻿<?xml version="1.0" encoding="utf-8"?>
<EnergyReport xmlns="http://schemas.microsoft.com/energy/2007">
  <ReportInformation>
    <ReportGuid>2f22e073-f735-4451-b22f-0b7e98a162f2</ReportGuid>
    <ReportVersion>1.0</ReportVersion>
    <ScanTime>2024-08-21T15:23:03Z</ScanTime>
    <ScanDuration>PT60S</ScanDuration>
  </ReportInformation>
  <Troubleshooter guid="c78b52e3-9cd7-4802-979c-57ca1283dafa">
    <Name>System Information</Name>
    <AnalysisLog>
      <LogEntry guid="3d053cee-9926-4ac0-a4e1-63ab80c63af0">
        <Name>System Information</Name>
        <Severity>Informational</Severity>
        <Description>System Information Details</Description>
        <Details>
          <Detail guid="300b5d9f-434e-45b0-80d2-4bd55b168ef3">
            <Name>Computer Name</Name>
            <Value>WS02</Value>
          </Detail>
          <Detail guid="a49d84bf-a8c7-4c26-8f54-eefccac2f084">
            <Name>System Manufacturer</Name>
            <Value>QEMU</Value>
          </Detail>
          <Detail guid="ceddb6e2-626c-4efe-ae58-c7b241693909">
            <Name>System Product Name</Name>
            <Value>Standard PC (i440FX + PIIX, 1996)</Value>
          </Detail>
          <Detail guid="b586008a-e3ca-457a-8f48-30fe0de3facf">
            <Name>BIOS Date</Name>
            <Value>2/2/2022</Value>
          </Detail>
          <Detail guid="c85bfef6-93e7-4f1a-a35d-20655dab095d">
            <Name>BIOS Version</Name>
            <Value>unknown</Value>
          </Detail>
          <Detail guid="31dc51fd-a872-4546-a54f-ae0da74cdf9f">
            <Name>OS Build Number</Name>
            <Value>22631</Value>
          </Detail>
          <Detail guid="8838163d-e78c-4858-9432-9b034382e9f6">
            <Name>Platform Role</Name>
            <Value>PlatformRoleDesktop</Value>
          </Detail>
          <Detail guid="d64ab9ff-6978-4c37-ac17-9494347b673b">
            <Name>Process Count</Name>
            <Value>139</Value>
          </Detail>
          <Detail guid="375cbf0f-61d5-42b8-a0fd-16c198b7b32f">
            <Name>Thread Count</Name>
            <Value>1368</Value>
          </Detail>
          <Detail guid="9fd5343d-fcb1-42ac-9566-8a8e8409a60b">
            <Name>Plugged In</Name>
            <Value>true</Value>
          </Detail>
        </Details>
      </LogEntry>
    </AnalysisLog>
  </Troubleshooter>
  <Troubleshooter guid="b80a1fd9-c81e-479f-8f72-c6a1e9e54dec">
    <Name>Platform Timer Resolution</Name>
    <AnalysisLog>
      <LogEntry guid="843c944e-9fc2-4e58-9e58-9bfdf0ea25b2">
        <Name>Platform Timer Resolution</Name>
        <Severity>Informational</Severity>
        <Description>The default platform timer resolution is 15.6ms (15625000ns) and should be used whenever the system is idle.  If the timer resolution is increased, processor power management technologies may not be effective.  The timer resolution may be increased due to multimedia playback or graphical animations.</Description>
        <Details>
          <Detail guid="e5ba7e97-57dd-4378-a022-0b5b3fff3d22">
            <Name>Current Timer Resolution (100ns units)</Name>
            <Value>156250</Value>
          </Detail>
        </Details>
      </LogEntry>
      <LogEntry guid="f84b604c-98bb-47ba-a789-75cde4996a87">
        <Name>Timer Request Stack</Name>
        <Severity>Informational</Severity>
        <Description>The stack of modules responsible for the lowest platform timer setting in this process.</Description>
        <Details>
          <Detail guid="039d0c56-f34d-4a82-82a9-85e65773ee94">
            <Name>Requested Period</Name>
            <Value>10000</Value>
          </Detail>
          <Detail guid="01ee080e-57de-431b-8016-8354fb450f1b">
            <Name>Requesting Process ID</Name>
            <Value>4240</Value>
          </Detail>
          <Detail guid="d15575fe-5c30-4eca-a1e8-583573756e7f">
            <Name>Requesting Process Path</Name>
            <Value>\Device\HarddiskVolume3\Program Files (x86)\Microsoft\EdgeWebView\Application\127.0.2651.105\msedgewebview2.exe</Value>
          </Detail>
          <Detail guid="c3b5315f-40d8-47a4-ab56-70a237a8f78f">
            <Name>Calling Module</Name>
            <Value>\Device\HarddiskVolume3\Windows\System32\ntdll.dll</Value>
          </Detail>
          <Detail guid="c3b5315f-40d8-47a4-ab56-70a237a8f78f">
            <Name>Calling Module</Name>
            <Value>\Device\HarddiskVolume3\Windows\System32\kernel32.dll</Value>
          </Detail>
          <Detail guid="c3b5315f-40d8-47a4-ab56-70a237a8f78f">
            <Name>Calling Module</Name>
            <Value>\Device\HarddiskVolume3\Program Files (x86)\Microsoft\Edge\Application\127.0.2651.105\msedge.dll</Value>
          </Detail>
          <Detail guid="c3b5315f-40d8-47a4-ab56-70a237a8f78f">
            <Name>Calling Module</Name>
            <Value>\Device\HarddiskVolume3\Windows\System32\kernel32.dll</Value>
          </Detail>
          <Detail guid="c3b5315f-40d8-47a4-ab56-70a237a8f78f">
            <Name>Calling Module</Name>
            <Value>\Device\HarddiskVolume3\Program Files (x86)\Microsoft\EdgeWebView\Application\127.0.2651.105\msedgewebview2.exe</Value>
          </Detail>
          <Detail guid="c3b5315f-40d8-47a4-ab56-70a237a8f78f">
            <Name>Calling Module</Name>
            <Value>\Device\HarddiskVolume3\Windows\System32\ntdll.dll</Value>
          </Detail>
        </Details>
      </LogEntry>
      <LogEntry guid="f84b604c-98bb-47ba-a789-75cde4996a87">
        <Name>Timer Request Stack</Name>
        <Severity>Informational</Severity>
        <Description>The stack of modules responsible for the lowest platform timer setting in this process.</Description>
        <Details>
          <Detail guid="039d0c56-f34d-4a82-82a9-85e65773ee94">
            <Name>Requested Period</Name>
            <Value>10000</Value>
          </Detail>
          <Detail guid="01ee080e-57de-431b-8016-8354fb450f1b">
            <Name>Requesting Process ID</Name>
            <Value>7940</Value>
          </Detail>
          <Detail guid="d15575fe-5c30-4eca-a1e8-583573756e7f">
            <Name>Requesting Process Path</Name>
            <Value>\Device\HarddiskVolume3\Program Files (x86)\Microsoft\EdgeWebView\Application\127.0.2651.105\msedgewebview2.exe</Value>
          </Detail>
          <Detail guid="c3b5315f-40d8-47a4-ab56-70a237a8f78f">
            <Name>Calling Module</Name>
            <Value>\Device\HarddiskVolume3\Windows\System32\ntdll.dll</Value>
          </Detail>
          <Detail guid="c3b5315f-40d8-47a4-ab56-70a237a8f78f">
            <Name>Calling Module</Name>
            <Value>\Device\HarddiskVolume3\Windows\System32\kernel32.dll</Value>
          </Detail>
          <Detail guid="c3b5315f-40d8-47a4-ab56-70a237a8f78f">
            <Name>Calling Module</Name>
            <Value>\Device\HarddiskVolume3\Program Files (x86)\Microsoft\Edge\Application\127.0.2651.105\msedge.dll</Value>
          </Detail>
          <Detail guid="c3b5315f-40d8-47a4-ab56-70a237a8f78f">
            <Name>Calling Module</Name>
            <Value>\Device\HarddiskVolume3\Program Files (x86)\Microsoft\EdgeWebView\Application\127.0.2651.105\msedgewebview2.exe</Value>
          </Detail>
          <Detail guid="c3b5315f-40d8-47a4-ab56-70a237a8f78f">
            <Name>Calling Module</Name>
            <Value>\Device\HarddiskVolume3\Windows\System32\kernel32.dll</Value>
          </Detail>
          <Detail guid="c3b5315f-40d8-47a4-ab56-70a237a8f78f">
            <Name>Calling Module</Name>
            <Value>\Device\HarddiskVolume3\Windows\System32\ntdll.dll</Value>
          </Detail>
        </Details>
      </LogEntry>
      <LogEntry guid="f84b604c-98bb-47ba-a789-75cde4996a87">
        <Name>Timer Request Stack</Name>
        <Severity>Informational</Severity>
        <Description>The stack of modules responsible for the lowest platform timer setting in this process.</Description>
        <Details>
          <Detail guid="039d0c56-f34d-4a82-82a9-85e65773ee94">
            <Name>Requested Period</Name>
            <Value>10000</Value>
          </Detail>
          <Detail guid="01ee080e-57de-431b-8016-8354fb450f1b">
            <Name>Requesting Process ID</Name>
            <Value>2592</Value>
          </Detail>
          <Detail guid="d15575fe-5c30-4eca-a1e8-583573756e7f">
            <Name>Requesting Process Path</Name>
            <Value>\Device\HarddiskVolume3\Program Files (x86)\Microsoft\EdgeWebView\Application\127.0.2651.105\msedgewebview2.exe</Value>
          </Detail>
          <Detail guid="c3b5315f-40d8-47a4-ab56-70a237a8f78f">
            <Name>Calling Module</Name>
            <Value>\Device\HarddiskVolume3\Windows\System32\ntdll.dll</Value>
          </Detail>
          <Detail guid="c3b5315f-40d8-47a4-ab56-70a237a8f78f">
            <Name>Calling Module</Name>
            <Value>\Device\HarddiskVolume3\Windows\System32\kernel32.dll</Value>
          </Detail>
          <Detail guid="c3b5315f-40d8-47a4-ab56-70a237a8f78f">
            <Name>Calling Module</Name>
            <Value>\Device\HarddiskVolume3\Program Files (x86)\Microsoft\Edge\Application\127.0.2651.105\msedge.dll</Value>
          </Detail>
          <Detail guid="c3b5315f-40d8-47a4-ab56-70a237a8f78f">
            <Name>Calling Module</Name>
            <Value>\Device\HarddiskVolume3\Windows\System32\kernel32.dll</Value>
          </Detail>
          <Detail guid="c3b5315f-40d8-47a4-ab56-70a237a8f78f">
            <Name>Calling Module</Name>
            <Value>\Device\HarddiskVolume3\Windows\System32\ntdll.dll</Value>
          </Detail>
        </Details>
      </LogEntry>
      <LogEntry guid="f84b604c-98bb-47ba-a789-75cde4996a87">
        <Name>Timer Request Stack</Name>
        <Severity>Informational</Severity>
        <Description>The stack of modules responsible for the lowest platform timer setting in this process.</Description>
        <Details>
          <Detail guid="039d0c56-f34d-4a82-82a9-85e65773ee94">
            <Name>Requested Period</Name>
            <Value>40000</Value>
          </Detail>
          <Detail guid="01ee080e-57de-431b-8016-8354fb450f1b">
            <Name>Requesting Process ID</Name>
            <Value>5724</Value>
          </Detail>
          <Detail guid="d15575fe-5c30-4eca-a1e8-583573756e7f">
            <Name>Requesting Process Path</Name>
            <Value>\Device\HarddiskVolume3\Windows\SystemApps\MicrosoftWindows.Client.CBS_cw5n1h2txyewy\SearchHost.exe</Value>
          </Detail>
          <Detail guid="c3b5315f-40d8-47a4-ab56-70a237a8f78f">
            <Name>Calling Module</Name>
            <Value>\Device\HarddiskVolume3\Windows\System32\ntdll.dll</Value>
          </Detail>
          <Detail guid="c3b5315f-40d8-47a4-ab56-70a237a8f78f">
            <Name>Calling Module</Name>
            <Value>\Device\HarddiskVolume3\Windows\System32\kernel32.dll</Value>
          </Detail>
          <Detail guid="c3b5315f-40d8-47a4-ab56-70a237a8f78f">
            <Name>Calling Module</Name>
            <Value>\Device\HarddiskVolume3\Windows\System32\edgehtml.dll</Value>
          </Detail>
          <Detail guid="c3b5315f-40d8-47a4-ab56-70a237a8f78f">
            <Name>Calling Module</Name>
            <Value>\Device\HarddiskVolume3\Windows\System32\user32.dll</Value>
          </Detail>
          <Detail guid="c3b5315f-40d8-47a4-ab56-70a237a8f78f">
            <Name>Calling Module</Name>
            <Value>\Device\HarddiskVolume3\Windows\System32\Windows.UI.dll</Value>
          </Detail>
          <Detail guid="c3b5315f-40d8-47a4-ab56-70a237a8f78f">
            <Name>Calling Module</Name>
            <Value>\Device\HarddiskVolume3\Windows\System32\edgehtml.dll</Value>
          </Detail>
          <Detail guid="c3b5315f-40d8-47a4-ab56-70a237a8f78f">
            <Name>Calling Module</Name>
            <Value>\Device\HarddiskVolume3\Windows\System32\kernel32.dll</Value>
          </Detail>
          <Detail guid="c3b5315f-40d8-47a4-ab56-70a237a8f78f">
            <Name>Calling Module</Name>
            <Value>\Device\HarddiskVolume3\Windows\System32\ntdll.dll</Value>
          </Detail>
        </Details>
      </LogEntry>
    </AnalysisLog>
  </Troubleshooter>
  <Troubleshooter guid="468e6809-1940-4b2d-ae6c-2208ad6e196b">
    <Name>Power Policy</Name>
    <AnalysisLog>
      <LogEntry guid="2d5efe46-43de-4840-aa33-62e1c10af324">
        <Name>Active Power Plan</Name>
        <Severity>Informational</Severity>
        <Description>The current power plan in use</Description>
        <Details>
          <Detail guid="abf6ffeb-c575-4031-87b6-0ef12a886fee">
            <Name>Plan GUID</Name>
            <Value>{381b4222-f694-41f0-9685-ff5bb260df2e}</Value>
          </Detail>
        </Details>
      </LogEntry>
      <LogEntry guid="a0463a6b-ae36-418b-9997-642ca0c55ac5">
        <Name>Power Plan Personality (Plugged In)</Name>
        <Severity>Informational</Severity>
        <Description>The personality of the current power plan when the system is plugged in.</Description>
        <Details>
          <Detail guid="fc84c527-7c74-42c0-a8c5-cc6e1a60b961">
            <Name>Personality</Name>
            <Value>2</Value>
          </Detail>
        </Details>
      </LogEntry>
      <LogEntry guid="4847a8d0-101f-45ab-a73a-8b050188a9e5">
        <Name>802.11 Radio Power Policy is Maximum Performance (Plugged In)</Name>
        <Severity>Informational</Severity>
        <Description>The current power policy for 802.11-compatible wireless network adapters is not configured to use low-power modes.</Description>
      </LogEntry>
      <LogEntry guid="2147bd4c-1120-465a-a6cc-27684ffe628a">
        <Name>Video quality (Plugged In)</Name>
        <Severity>Informational</Severity>
        <Description>Enables Windows Media Player to optimize for quality or power savings when playing video.</Description>
        <Details>
          <Detail guid="dc3d55c6-2f0c-4397-bdc4-d2d9a3148969">
            <Name>Quality Mode</Name>
            <Value>0</Value>
          </Detail>
        </Details>
      </LogEntry>
    </AnalysisLog>
  </Troubleshooter>
  <Troubleshooter guid="d6f4a3bd-f55a-45ef-a705-640cfbb24f42">
    <Name>System Availability Requests</Name>
    <AnalysisLog>
      <LogEntry guid="c4515652-871e-415b-8fc3-c50d1fb152d4">
        <Name>System Required Request</Name>
        <Severity>Error</Severity>
        <Description>A kernel component has made a request to prevent the system from automatically entering sleep.</Description>
      </LogEntry>
    </AnalysisLog>
  </Troubleshooter>
  <Troubleshooter guid="5a462902-896e-4fbb-a3f2-db2a5b3fc583">
    <Name>USB Suspend</Name>
    <AnalysisLog>
      <LogEntry guid="326fb9d3-85d4-4975-a922-f74e71c12360">
        <Name>Analysis Success</Name>
        <Severity>Informational</Severity>
        <Description>Analysis was successful. No energy efficiency problems were found.  No information was returned.</Description>
      </LogEntry>
    </AnalysisLog>
  </Troubleshooter>
  <Troubleshooter guid="73494aab-f271-4b0f-8402-c6236de6c31a">
    <Name>CPU Utilization</Name>
    <AnalysisLog>
      <LogEntry guid="844b057a-f5b3-436e-9ad3-b4db070d86f2">
        <Name>Processor utilization is low</Name>
        <Severity>Informational</Severity>
        <Description>The average processor utilization during the trace was very low.  The system will consume less power when the average processor utilization is very low.</Description>
        <Details>
          <Detail guid="9a6e26c0-2a95-45bf-94e4-b988236b25d9">
            <Name>Average Utilization (%)</Name>
            <Value>0.30</Value>
          </Detail>
        </Details>
      </LogEntry>
    </AnalysisLog>
  </Troubleshooter>
  <Troubleshooter guid="5f159d5d-4dec-4caf-81e5-645d77e05c84">
    <Name>Battery</Name>
    <AnalysisLog>
      <LogEntry guid="326fb9d3-85d4-4975-a922-f74e71c12360">
        <Name>Analysis Success</Name>
        <Severity>Informational</Severity>
        <Description>Analysis was successful. No energy efficiency problems were found.  No information was returned.</Description>
      </LogEntry>
    </AnalysisLog>
  </Troubleshooter>
  <Troubleshooter guid="6ff333f5-43e4-4c08-8988-120f93e3463a">
    <Name>Platform Power Management Capabilities</Name>
    <AnalysisLog>
      <LogEntry guid="3a4f65c6-ec8c-4f4e-b8d0-fe2718765394">
        <Name>Supported Sleep States</Name>
        <Severity>Informational</Severity>
        <Description>Sleep states allow the computer to enter low-power modes after a period of inactivity.  The S3 sleep state is the default sleep state for Windows platforms.  The S3 sleep state consumes only enough power to preserve memory contents and allow the computer to resume working quickly.  Very few platforms support the S1 or S2 Sleep states.</Description>
        <Details>
          <Detail guid="f841c4ca-d356-40dc-85aa-fee0472532ea">
            <Name>S1 Sleep Supported</Name>
            <Value>false</Value>
          </Detail>
          <Detail guid="8734b678-1ecb-45f9-9da9-40ddff6a895e">
            <Name>S2 Sleep Supported</Name>
            <Value>false</Value>
          </Detail>
          <Detail guid="3e6d53b0-e5f4-46d6-8dff-62e49fabbe98">
            <Name>S3 Sleep Supported</Name>
            <Value>false</Value>
          </Detail>
          <Detail guid="680a26f8-fca6-45e3-9777-50115fcec807">
            <Name>S4 Sleep Supported</Name>
            <Value>true</Value>
          </Detail>
        </Details>
      </LogEntry>
      <LogEntry guid="5224c9e8-63b2-4b18-97ee-95adcf4ce9f6">
        <Name>Connected Standby Support</Name>
        <Severity>Informational</Severity>
        <Description>Connected standby allows the computer to enter a low-power mode in which it is always on and connected. If supported, connected standby is used instead of system sleep states.</Description>
        <Details>
          <Detail guid="1b1c5fba-1d97-4e23-8ffd-0a4d89d38388">
            <Name>Connected Standby Supported</Name>
            <Value>false</Value>
          </Detail>
        </Details>
      </LogEntry>
      <LogEntry guid="b1e58678-204e-4bd8-b902-09226248d3c7">
        <Name>The S1 sleep state has been temporarily disabled by a system component.</Name>
        <Severity>Informational</Severity>
        <Description>The computer may not transition to sleep when the following components are installed or tasks are ongoing.</Description>
        <Details>
          <Detail guid="ca5ed105-b9d8-4a80-b8d6-739d132761a7">
            <Name>Microsoft Basic Display Driver or Microsoft Basic Render Driver</Name>
            <Value>true</Value>
          </Detail>
          <Detail guid="dd7eaae1-d4b1-4785-b71e-7032e98cb2f4">
            <Name>Hypervisor</Name>
            <Value>false</Value>
          </Detail>
          <Detail guid="dad34268-21c1-456b-a403-7f8288699835">
            <Name>The system is booted from a virtual hard disk file (VHD).</Name>
            <Value>false</Value>
          </Detail>
          <Detail guid="7040bef2-b60e-4ba5-8421-1ad50b6811f1">
            <Name>Windows To Go</Name>
            <Value>false</Value>
          </Detail>
        </Details>
      </LogEntry>
      <LogEntry guid="5b2de68c-b12f-47f7-b0f2-394e731a7d02">
        <Name>The S2 sleep state has been temporarily disabled by a system component.</Name>
        <Severity>Informational</Severity>
        <Description>The computer may not transition to sleep when the following components are installed or tasks are ongoing.</Description>
        <Details>
          <Detail guid="a92c4810-7368-4f96-8fb9-6d18e3b41a8a">
            <Name>Microsoft Basic Display Driver or Microsoft Basic Render Driver</Name>
            <Value>true</Value>
          </Detail>
          <Detail guid="8850539a-9b40-4dce-bd7a-3d4aafc4a8ed">
            <Name>Hypervisor</Name>
            <Value>false</Value>
          </Detail>
          <Detail guid="b81ea5ee-c8ad-4caf-8afd-1c69149a508e">
            <Name>The system is booted from a virtual hard disk file (VHD).</Name>
            <Value>false</Value>
          </Detail>
          <Detail guid="06a2dfd4-75b0-45ce-9c47-b35080f1e84c">
            <Name>Windows To Go</Name>
            <Value>false</Value>
          </Detail>
        </Details>
      </LogEntry>
      <LogEntry guid="87e0a483-b2fa-436e-b33b-1a00429fe90d">
        <Name>The S3 sleep state has been temporarily disabled by a system component.</Name>
        <Severity>Warning</Severity>
        <Description>The computer may not transition to sleep when the following components are installed or tasks are ongoing.</Description>
        <Details>
          <Detail guid="233fb78d-9a7a-46a0-ac3e-c7a61c8fa50e">
            <Name>Microsoft Basic Display Driver or Microsoft Basic Render Driver</Name>
            <Value>true</Value>
          </Detail>
          <Detail guid="eddb11ed-0e4a-487a-b4b5-2ec9019371bf">
            <Name>Hypervisor</Name>
            <Value>false</Value>
          </Detail>
          <Detail guid="2abccf7f-14e0-4856-a003-be5a21466c41">
            <Name>The system is booted from a virtual hard disk file (VHD).</Name>
            <Value>false</Value>
          </Detail>
          <Detail guid="ebaa9dbf-6e84-4654-b059-3aad244531e9">
            <Name>Windows To Go</Name>
            <Value>false</Value>
          </Detail>
        </Details>
      </LogEntry>
      <LogEntry guid="03d3ec20-2fd3-4580-8eb4-0b072f4f8fa4">
        <Name>Processor Power Management Capabilities</Name>
        <Severity>Informational</Severity>
        <Description>Effective processor power management enables the computer to automatically balance performance and energy consumption.</Description>
        <Details>
          <Detail guid="faf9e6b5-0f59-442c-90b0-31b9bb24a9b4">
            <Name>Group</Name>
            <Value>0</Value>
          </Detail>
          <Detail guid="021617e8-09b4-4ef4-80ca-f7c76291a950">
            <Name>Index</Name>
            <Value>0</Value>
          </Detail>
          <Detail guid="d3c55d82-09d5-41e6-923b-7fd53887df2a">
            <Name>Idle State Count</Name>
            <Value>1</Value>
          </Detail>
          <Detail guid="14036425-2dcd-4129-a173-a4ee5fa79862">
            <Name>Idle State Type</Name>
            <Value>ACPI Idle (C) States</Value>
          </Detail>
          <Detail guid="c118e17f-8532-491e-b8ec-c469083995d8">
            <Name>Nominal Frequency (MHz)</Name>
            <Value>1997</Value>
          </Detail>
          <Detail guid="adb2445a-ed2b-4a06-b114-77459a9d8dd1">
            <Name>Maximum Performance Percentage</Name>
            <Value>100</Value>
          </Detail>
          <Detail guid="0f8f7ad4-875e-4c39-9faa-71b48d1ff03c">
            <Name>Lowest Performance Percentage</Name>
            <Value>100</Value>
          </Detail>
          <Detail guid="788964a9-9ada-4009-9adc-00f85b40dc8f">
            <Name>Lowest Throttle Percentage</Name>
            <Value>100</Value>
          </Detail>
          <Detail guid="0c3fb66a-c2cb-4d83-a63f-d11c83e20450">
            <Name>Performance Controls Type</Name>
            <Value>None</Value>
          </Detail>
        </Details>
      </LogEntry>
      <LogEntry guid="03d3ec20-2fd3-4580-8eb4-0b072f4f8fa4">
        <Name>Processor Power Management Capabilities</Name>
        <Severity>Informational</Severity>
        <Description>Effective processor power management enables the computer to automatically balance performance and energy consumption.</Description>
        <Details>
          <Detail guid="faf9e6b5-0f59-442c-90b0-31b9bb24a9b4">
            <Name>Group</Name>
            <Value>0</Value>
          </Detail>
          <Detail guid="021617e8-09b4-4ef4-80ca-f7c76291a950">
            <Name>Index</Name>
            <Value>1</Value>
          </Detail>
          <Detail guid="d3c55d82-09d5-41e6-923b-7fd53887df2a">
            <Name>Idle State Count</Name>
            <Value>1</Value>
          </Detail>
          <Detail guid="14036425-2dcd-4129-a173-a4ee5fa79862">
            <Name>Idle State Type</Name>
            <Value>ACPI Idle (C) States</Value>
          </Detail>
          <Detail guid="c118e17f-8532-491e-b8ec-c469083995d8">
            <Name>Nominal Frequency (MHz)</Name>
            <Value>1997</Value>
          </Detail>
          <Detail guid="adb2445a-ed2b-4a06-b114-77459a9d8dd1">
            <Name>Maximum Performance Percentage</Name>
            <Value>100</Value>
          </Detail>
          <Detail guid="0f8f7ad4-875e-4c39-9faa-71b48d1ff03c">
            <Name>Lowest Performance Percentage</Name>
            <Value>100</Value>
          </Detail>
          <Detail guid="788964a9-9ada-4009-9adc-00f85b40dc8f">
            <Name>Lowest Throttle Percentage</Name>
            <Value>100</Value>
          </Detail>
          <Detail guid="0c3fb66a-c2cb-4d83-a63f-d11c83e20450">
            <Name>Performance Controls Type</Name>
            <Value>None</Value>
          </Detail>
        </Details>
      </LogEntry>
      <LogEntry guid="03d3ec20-2fd3-4580-8eb4-0b072f4f8fa4">
        <Name>Processor Power Management Capabilities</Name>
        <Severity>Informational</Severity>
        <Description>Effective processor power management enables the computer to automatically balance performance and energy consumption.</Description>
        <Details>
          <Detail guid="faf9e6b5-0f59-442c-90b0-31b9bb24a9b4">
            <Name>Group</Name>
            <Value>0</Value>
          </Detail>
          <Detail guid="021617e8-09b4-4ef4-80ca-f7c76291a950">
            <Name>Index</Name>
            <Value>2</Value>
          </Detail>
          <Detail guid="d3c55d82-09d5-41e6-923b-7fd53887df2a">
            <Name>Idle State Count</Name>
            <Value>1</Value>
          </Detail>
          <Detail guid="14036425-2dcd-4129-a173-a4ee5fa79862">
            <Name>Idle State Type</Name>
            <Value>ACPI Idle (C) States</Value>
          </Detail>
          <Detail guid="c118e17f-8532-491e-b8ec-c469083995d8">
            <Name>Nominal Frequency (MHz)</Name>
            <Value>1997</Value>
          </Detail>
          <Detail guid="adb2445a-ed2b-4a06-b114-77459a9d8dd1">
            <Name>Maximum Performance Percentage</Name>
            <Value>100</Value>
          </Detail>
          <Detail guid="0f8f7ad4-875e-4c39-9faa-71b48d1ff03c">
            <Name>Lowest Performance Percentage</Name>
            <Value>100</Value>
          </Detail>
          <Detail guid="788964a9-9ada-4009-9adc-00f85b40dc8f">
            <Name>Lowest Throttle Percentage</Name>
            <Value>100</Value>
          </Detail>
          <Detail guid="0c3fb66a-c2cb-4d83-a63f-d11c83e20450">
            <Name>Performance Controls Type</Name>
            <Value>None</Value>
          </Detail>
        </Details>
      </LogEntry>
      <LogEntry guid="03d3ec20-2fd3-4580-8eb4-0b072f4f8fa4">
        <Name>Processor Power Management Capabilities</Name>
        <Severity>Informational</Severity>
        <Description>Effective processor power management enables the computer to automatically balance performance and energy consumption.</Description>
        <Details>
          <Detail guid="faf9e6b5-0f59-442c-90b0-31b9bb24a9b4">
            <Name>Group</Name>
            <Value>0</Value>
          </Detail>
          <Detail guid="021617e8-09b4-4ef4-80ca-f7c76291a950">
            <Name>Index</Name>
            <Value>3</Value>
          </Detail>
          <Detail guid="d3c55d82-09d5-41e6-923b-7fd53887df2a">
            <Name>Idle State Count</Name>
            <Value>1</Value>
          </Detail>
          <Detail guid="14036425-2dcd-4129-a173-a4ee5fa79862">
            <Name>Idle State Type</Name>
            <Value>ACPI Idle (C) States</Value>
          </Detail>
          <Detail guid="c118e17f-8532-491e-b8ec-c469083995d8">
            <Name>Nominal Frequency (MHz)</Name>
            <Value>1997</Value>
          </Detail>
          <Detail guid="adb2445a-ed2b-4a06-b114-77459a9d8dd1">
            <Name>Maximum Performance Percentage</Name>
            <Value>100</Value>
          </Detail>
          <Detail guid="0f8f7ad4-875e-4c39-9faa-71b48d1ff03c">
            <Name>Lowest Performance Percentage</Name>
            <Value>100</Value>
          </Detail>
          <Detail guid="788964a9-9ada-4009-9adc-00f85b40dc8f">
            <Name>Lowest Throttle Percentage</Name>
            <Value>100</Value>
          </Detail>
          <Detail guid="0c3fb66a-c2cb-4d83-a63f-d11c83e20450">
            <Name>Performance Controls Type</Name>
            <Value>None</Value>
          </Detail>
        </Details>
      </LogEntry>
      <LogEntry guid="03d3ec20-2fd3-4580-8eb4-0b072f4f8fa4">
        <Name>Processor Power Management Capabilities</Name>
        <Severity>Informational</Severity>
        <Description>Effective processor power management enables the computer to automatically balance performance and energy consumption.</Description>
        <Details>
          <Detail guid="faf9e6b5-0f59-442c-90b0-31b9bb24a9b4">
            <Name>Group</Name>
            <Value>0</Value>
          </Detail>
          <Detail guid="021617e8-09b4-4ef4-80ca-f7c76291a950">
            <Name>Index</Name>
            <Value>4</Value>
          </Detail>
          <Detail guid="d3c55d82-09d5-41e6-923b-7fd53887df2a">
            <Name>Idle State Count</Name>
            <Value>1</Value>
          </Detail>
          <Detail guid="14036425-2dcd-4129-a173-a4ee5fa79862">
            <Name>Idle State Type</Name>
            <Value>ACPI Idle (C) States</Value>
          </Detail>
          <Detail guid="c118e17f-8532-491e-b8ec-c469083995d8">
            <Name>Nominal Frequency (MHz)</Name>
            <Value>1997</Value>
          </Detail>
          <Detail guid="adb2445a-ed2b-4a06-b114-77459a9d8dd1">
            <Name>Maximum Performance Percentage</Name>
            <Value>100</Value>
          </Detail>
          <Detail guid="0f8f7ad4-875e-4c39-9faa-71b48d1ff03c">
            <Name>Lowest Performance Percentage</Name>
            <Value>100</Value>
          </Detail>
          <Detail guid="788964a9-9ada-4009-9adc-00f85b40dc8f">
            <Name>Lowest Throttle Percentage</Name>
            <Value>100</Value>
          </Detail>
          <Detail guid="0c3fb66a-c2cb-4d83-a63f-d11c83e20450">
            <Name>Performance Controls Type</Name>
            <Value>None</Value>
          </Detail>
        </Details>
      </LogEntry>
      <LogEntry guid="03d3ec20-2fd3-4580-8eb4-0b072f4f8fa4">
        <Name>Processor Power Management Capabilities</Name>
        <Severity>Informational</Severity>
        <Description>Effective processor power management enables the computer to automatically balance performance and energy consumption.</Description>
        <Details>
          <Detail guid="faf9e6b5-0f59-442c-90b0-31b9bb24a9b4">
            <Name>Group</Name>
            <Value>0</Value>
          </Detail>
          <Detail guid="021617e8-09b4-4ef4-80ca-f7c76291a950">
            <Name>Index</Name>
            <Value>5</Value>
          </Detail>
          <Detail guid="d3c55d82-09d5-41e6-923b-7fd53887df2a">
            <Name>Idle State Count</Name>
            <Value>1</Value>
          </Detail>
          <Detail guid="14036425-2dcd-4129-a173-a4ee5fa79862">
            <Name>Idle State Type</Name>
            <Value>ACPI Idle (C) States</Value>
          </Detail>
          <Detail guid="c118e17f-8532-491e-b8ec-c469083995d8">
            <Name>Nominal Frequency (MHz)</Name>
            <Value>1997</Value>
          </Detail>
          <Detail guid="adb2445a-ed2b-4a06-b114-77459a9d8dd1">
            <Name>Maximum Performance Percentage</Name>
            <Value>100</Value>
          </Detail>
          <Detail guid="0f8f7ad4-875e-4c39-9faa-71b48d1ff03c">
            <Name>Lowest Performance Percentage</Name>
            <Value>100</Value>
          </Detail>
          <Detail guid="788964a9-9ada-4009-9adc-00f85b40dc8f">
            <Name>Lowest Throttle Percentage</Name>
            <Value>100</Value>
          </Detail>
          <Detail guid="0c3fb66a-c2cb-4d83-a63f-d11c83e20450">
            <Name>Performance Controls Type</Name>
            <Value>None</Value>
          </Detail>
        </Details>
      </LogEntry>
    </AnalysisLog>
  </Troubleshooter>
  <Troubleshooter guid="6ff333f5-43e4-4c08-8988-120f93e3463a">
    <Name>Device Drivers</Name>
    <AnalysisLog>
      <LogEntry guid="d2b90bbc-f42c-4757-973f-a962e82ffd11">
        <Name></Name>
        <Severity>Error</Severity>
        <Description>Devices with missing or misconfigured drivers can increase power consumption.</Description>
        <Details>
          <Detail guid="ce8077ac-a990-435b-9854-fd6fa0112280">
            <Name>Device Name</Name>
            <Value>PCI Simple Communications Controller</Value>
          </Detail>
          <Detail guid="610221dd-0406-4b7a-acc7-1991e821542e">
            <Name>Device ID</Name>
            <Value>PCI\VEN_1AF4&amp;DEV_1003&amp;SUBSYS_00031AF4&amp;REV_00\3&amp;267A616A&amp;0&amp;20</Value>
          </Detail>
          <Detail guid="a70881d9-753a-441e-8072-9ee3406643c4">
            <Name>Device Status</Name>
            <Value>0x1806400</Value>
          </Detail>
          <Detail guid="e2314c0f-ea89-48f8-9ee5-e635273ed956">
            <Name>Device Problem Code</Name>
            <Value>0x1c</Value>
          </Detail>
        </Details>
      </LogEntry>
      <LogEntry guid="d2b90bbc-f42c-4757-973f-a962e82ffd11">
        <Name></Name>
        <Severity>Error</Severity>
        <Description>Devices with missing or misconfigured drivers can increase power consumption.</Description>
        <Details>
          <Detail guid="ce8077ac-a990-435b-9854-fd6fa0112280">
            <Name>Device Name</Name>
            <Value>PCI Device</Value>
          </Detail>
          <Detail guid="610221dd-0406-4b7a-acc7-1991e821542e">
            <Name>Device ID</Name>
            <Value>PCI\VEN_1AF4&amp;DEV_1002&amp;SUBSYS_00051AF4&amp;REV_00\3&amp;267A616A&amp;0&amp;30</Value>
          </Detail>
          <Detail guid="a70881d9-753a-441e-8072-9ee3406643c4">
            <Name>Device Status</Name>
            <Value>0x1806400</Value>
          </Detail>
          <Detail guid="e2314c0f-ea89-48f8-9ee5-e635273ed956">
            <Name>Device Problem Code</Name>
            <Value>0x1c</Value>
          </Detail>
        </Details>
      </LogEntry>
      <LogEntry guid="d2b90bbc-f42c-4757-973f-a962e82ffd11">
        <Name></Name>
        <Severity>Error</Severity>
        <Description>Devices with missing or misconfigured drivers can increase power consumption.</Description>
        <Details>
          <Detail guid="ce8077ac-a990-435b-9854-fd6fa0112280">
            <Name>Device Name</Name>
            <Value>Unknown Device</Value>
          </Detail>
          <Detail guid="610221dd-0406-4b7a-acc7-1991e821542e">
            <Name>Device ID</Name>
            <Value>ACPI\QEMU0002\3&amp;267A616A&amp;0</Value>
          </Detail>
          <Detail guid="a70881d9-753a-441e-8072-9ee3406643c4">
            <Name>Device Status</Name>
            <Value>0x41802400</Value>
          </Detail>
          <Detail guid="e2314c0f-ea89-48f8-9ee5-e635273ed956">
            <Name>Device Problem Code</Name>
            <Value>0x1c</Value>
          </Detail>
        </Details>
      </LogEntry>
    </AnalysisLog>
  </Troubleshooter>
</EnergyReport>
