{"queryUrl":"/settings/v3.0/analog/ASAP_CloudPolicy","settings":{"ACOUSTICSTELEMETRYENABLED":"1","AGENTACTIVATIONALLOWEDAGENTSCONFIGURATION":"Cortana,{A5A7C794-3D59-41DF-915F-19ACDA526FC9},1033,Microsoft.549981C3F5F10_8wekyb3d8bbwe!App,background,true,false;Alexa,{663CABB7-A1DF-41CE-8B77-E66F62351BC6},1033,57540AMZNMobileLLC.AmazonAlexa_22t9g3sebte08!App,background,true,false;Xiaowei Xiaowei,{8899AAD5-174B-4490-933B-06E2C5E8313C},2052,AD2F1837.19285F10D180_v10z8vjag6ke6!App,background,true,false;Contoso,{C0F1842F-D389-44D1-8420-A32A63B35568},1033,Microsoft.SDKSample.MVADLSSampleCS_8wekyb3d8bbwe!App,background,true,false;OK Beeb,{0DC3D0CD-8FC0-40F6-B3AB-A062FE218B70},2057,BBCMobileApps.beeb_wzgfedwv7gft2!App,background,true,false;OK Hololens,{4BB6090A-5AC6-49CB-984A-4289222E2C58},1033,Microsoft.Mixedrealityassistant_8wekyb3d8bbwe!AssistantClient,background,true,false;Lenovo,{9877ABCB-1599-4F0E-BB64-C57D5678857D},2052,E046963F.LenovoVoice_k1h2ywk1493x8!App,background,true,false;ふくまろ,{D3611534-A104-4BBF-8034-2DDA5A21D5F9},1041,96E699BA.FMVHC_7shgd1s8y1app!App,background,true,false;Nee Lavie,{EEE856D4-7E58-484A-85DC-2B762E7B1162},1041,B3CD3740.LAVIEAI2.0_md25j3s46526j!App,background,false,false;小爱同学,{5FC96EA8-9D68-44D6-A449-21B01F2DB765},2052,8497DDF3.639A2791C9AB_kf545nqv09rxe!App,background,true,false;disabledbydefault,{FC3AC4FC-5B21-47A2-81EF-018C8AA113B4},1033,MVA.FC3AC4FC-5B21-47A2-81EF-018C8AA113B4!App,background,false,false;Hi Bixby,{275EA818-04C7-4672-B841-479E5DC40425},1033,SAMSUNGELECTRONICSCO.LTD.Bixby_3c1yjt4zspk6g!UWPBixbyClient.App,background,true,false","CLOUDIMPLICITSRTIMEOUTFORNOINTENT":"0;1500;50;1500;51;0;99;0;100;1500;","CLOUDPRIMARYENABLED":"1","CLOUDSRTIMEOUTFORHOLOBAR":"0;1500;50;1500;51;0;99;0;100;1500;","CLOUDSRTIMEOUTFORVOICEENABLEDSHELL":"0;1500;50;1500;51;0;99;0;100;1500;","DEFAULTCLOUDSRTIMEOUT":"0;5000;50;3000;100;1000;","DISABLECLOUDPRIMARYONMETERED":"0","DISCONNECTEDGOODLOCALCLOUDSRTIMEOUT":"0;300;100;300;","DISCRETEDETECTIONENDADDITIONALMILLISECONDS":"500","DISCRETEDETECTIONSTARTADDITIONALMILLISECONDS ":"2000","ESMAXPHRASELENGTH":"400000","USELOCALDICTATIONCOMMANDINTENT":"0"}}