{"queryUrl":"/settings/v3.0/WaaS/FeatureManagement","settings":{"PAYLOAD_24877170_1":{"f":"raf","v":"1.0","rdr":[{"c":"CDM","u":"FeatureConfiguration"}],"ad":{"class":"content","collections":[],"entityId":"FX:117B9872","itemPropertyManifest":{},"items":[{"entityId":"FV_19638787_0","featureId":19638787,"featureOptions":4,"properties":{},"tracking":{"events":[{"id":"impression"},{"id":"conversion"},{"id":"opportunity"}],"parameterized":[]},"triggers":[],"variant":0}],"properties":{},"propertyManifest":{},"tracking":{"events":[{"id":"impression"}],"parameterized":[]},"triggers":[]},"prm":{"_id":"CX_00614c1d8dbf4d8b85f63344b1eacc6f","_imp":"","startTime":"2020-02-06T19:16:20","expireTime":"2020-08-05T19:16:20","reuseCount":-1,"rotationPeriod":3600,"requiresNetwork":0}},"PAYLOAD_30150940_1":{"f":"raf","v":"1.0","rdr":[{"c":"CDM","u":"FeatureConfiguration"}],"ad":{"class":"content","collections":[],"entityId":"FX:11CC111C","itemPropertyManifest":{},"items":[{"entityId":"FV_23563673_2","featureId":23563673,"featureOptions":4,"properties":{},"tracking":{"events":[{"id":"impression"},{"id":"conversion"},{"id":"opportunity"}],"parameterized":[]},"triggers":[],"variant":2}],"properties":{},"propertyManifest":{},"tracking":{"events":[{"id":"impression"}],"parameterized":[]},"triggers":[]},"prm":{"_id":"CX_fff49bc6f5ef436cb4202b4daf820abf","_imp":"","startTime":"2020-11-06T23:36:32","expireTime":"2026-04-09T23:36:32","reuseCount":-1,"rotationPeriod":3600,"requiresNetwork":0}},"PAYLOAD_31415058_1":{"f":"raf","v":"1.0","rdr":[{"c":"CDM","u":"FeatureConfiguration"}],"ad":{"class":"content","collections":[],"entityId":"FX:11DF5B12","itemPropertyManifest":{},"items":[{"entityId":"FV_23531064_2","featureId":23531064,"featureOptions":4,"properties":{},"tracking":{"events":[{"id":"impression"},{"id":"conversion"},{"id":"opportunity"}],"parameterized":[]},"triggers":[],"variant":2}],"properties":{},"propertyManifest":{},"tracking":{"events":[{"id":"impression"}],"parameterized":[]},"triggers":[]},"prm":{"_id":"CX_5d9537a1efd14ed9adc3a9b876f93560","_imp":"","startTime":"2021-01-26T19:51:34","expireTime":"2026-06-29T19:51:34","reuseCount":-1,"rotationPeriod":3600,"requiresNetwork":0}},"PAYLOAD_31415157_1":{"f":"raf","v":"1.0","rdr":[{"c":"CDM","u":"FeatureConfiguration"}],"ad":{"class":"content","collections":[],"entityId":"FX:11DF5B75","itemPropertyManifest":{},"items":[{"entityId":"FV_23562335_2","featureId":23562335,"featureOptions":8,"properties":{},"tracking":{"events":[{"id":"impression"},{"id":"conversion"},{"id":"opportunity"}],"parameterized":[]},"triggers":[],"variant":2}],"properties":{},"propertyManifest":{},"tracking":{"events":[{"id":"impression"}],"parameterized":[]},"triggers":[]},"prm":{"_id":"CX_8e2466813ee44b65af17395e3344a4a2","_imp":"","startTime":"2021-02-22T23:45:13","expireTime":"2026-07-26T23:45:13","reuseCount":-1,"rotationPeriod":3600,"requiresNetwork":0}},"PAYLOAD_37820325_1":{"f":"raf","v":"1.0","rdr":[{"c":"CDM","u":"FeatureConfiguration"}],"ad":{"class":"content","collections":[],"entityId":"FX:124117A5","itemPropertyManifest":{},"items":[{"entityId":"FV_35681102_0","featureId":35681102,"featureOptions":2,"properties":{},"tracking":{"events":[{"id":"impression"},{"id":"conversion"},{"id":"opportunity"}],"parameterized":[]},"triggers":[],"variant":0}],"properties":{},"propertyManifest":{},"tracking":{"events":[{"id":"impression"}],"parameterized":[]},"triggers":[]},"prm":{"_id":"CX_a16e305bf3bd4052b7a53c7b001ed337","_imp":"","startTime":"2022-01-20T22:42:12","expireTime":"2025-01-04T22:42:12","reuseCount":-1,"rotationPeriod":3600,"requiresNetwork":0}},"PAYLOAD_40095617_1":{"f":"raf","v":"1.0","rdr":[{"c":"CDM","u":"FeatureConfiguration"}],"ad":{"class":"content","collections":[],"entityId":"FX:1263CF81","itemPropertyManifest":{},"items":[{"entityId":"FV_23877894_1","featureId":23877894,"featureOptions":8,"featurePayload":671092231,"properties":{},"tracking":{"events":[{"id":"impression"},{"id":"conversion"},{"id":"opportunity"}],"parameterized":[]},"triggers":[],"variant":1}],"properties":{},"propertyManifest":{},"tracking":{"events":[{"id":"impression"}],"parameterized":[]},"triggers":[]},"prm":{"_id":"CX_2be7ed2fd38f4dccbc9a05cf68f5acda","_imp":"","startTime":"2022-06-20T23:07:32","expireTime":"2027-11-21T23:07:32","reuseCount":-1,"rotationPeriod":3600,"requiresNetwork":0}},"PAYLOAD_41519025_1":{"f":"raf","v":"1.0","rdr":[{"c":"CDM","u":"FeatureConfiguration"}],"ad":{"class":"content","collections":[],"entityId":"FX:127987B1","itemPropertyManifest":{},"items":[{"entityId":"FV_38859191_0","featureId":38859191,"featureOptions":4,"properties":{},"tracking":{"events":[{"id":"impression"},{"id":"conversion"},{"id":"opportunity"}],"parameterized":[]},"triggers":[],"variant":0}],"properties":{},"propertyManifest":{},"tracking":{"events":[{"id":"impression"}],"parameterized":[]},"triggers":[]},"prm":{"_id":"CX_139364842a174c1d8d62f0f226f4fc29","_imp":"","startTime":"2022-09-28T21:51:14","expireTime":"2028-03-03T00:00:00","reuseCount":-1,"rotationPeriod":3600,"requiresNetwork":0}},"PAYLOAD_41714858_1":{"f":"raf","v":"1.0","rdr":[{"c":"CDM","u":"FeatureConfiguration"}],"ad":{"class":"content","collections":[],"entityId":"FX:127C84AA","itemPropertyManifest":{},"items":[{"entityId":"FV_36803295_0","featureId":36803295,"featureOptions":4,"properties":{},"tracking":{"events":[{"id":"impression"},{"id":"conversion"},{"id":"opportunity"}],"parameterized":[]},"triggers":[],"variant":0}],"properties":{},"propertyManifest":{},"tracking":{"events":[{"id":"impression"}],"parameterized":[]},"triggers":[]},"prm":{"_id":"CX_08b556095aa24a108d21b3655bea04c6","_imp":"","startTime":"2022-10-10T22:08:34","expireTime":"2028-03-12T22:08:34","reuseCount":-1,"rotationPeriod":3600,"requiresNetwork":0}},"PAYLOAD_41715971_1":{"f":"raf","v":"1.0","rdr":[{"c":"CDM","u":"FeatureConfiguration"}],"ad":{"class":"content","collections":[],"entityId":"FX:127C8903","itemPropertyManifest":{},"items":[{"entityId":"FV_36803287_0","featureId":36803287,"featureOptions":4,"properties":{},"tracking":{"events":[{"id":"impression"},{"id":"conversion"},{"id":"opportunity"}],"parameterized":[]},"triggers":[],"variant":0}],"properties":{},"propertyManifest":{},"tracking":{"events":[{"id":"impression"}],"parameterized":[]},"triggers":[]},"prm":{"_id":"CX_30a2aa5dc98e43ddb872396835839708","_imp":"","startTime":"2022-10-10T22:16:40","expireTime":"2028-03-12T22:16:40","reuseCount":-1,"rotationPeriod":3600,"requiresNetwork":0}},"PAYLOAD_41741236_1":{"f":"raf","v":"1.0","rdr":[{"c":"CDM","u":"FeatureConfiguration"}],"ad":{"class":"content","collections":[],"entityId":"FX:127CEBB4","itemPropertyManifest":{},"items":[{"entityId":"FV_36803303_0","featureId":36803303,"featureOptions":4,"properties":{},"tracking":{"events":[{"id":"impression"},{"id":"conversion"},{"id":"opportunity"}],"parameterized":[]},"triggers":[],"variant":0}],"properties":{},"propertyManifest":{},"tracking":{"events":[{"id":"impression"}],"parameterized":[]},"triggers":[]},"prm":{"_id":"CX_4e3d9723f763480eb92c30b57569a7bb","_imp":"","startTime":"2022-10-10T22:10:42","expireTime":"2028-03-12T22:10:42","reuseCount":-1,"rotationPeriod":3600,"requiresNetwork":0}},"PAYLOAD_42036163_1":{"f":"raf","v":"1.0","rdr":[{"c":"CDM","u":"FeatureConfiguration"}],"ad":{"class":"content","collections":[],"entityId":"FX:12816BC3","itemPropertyManifest":{},"items":[{"entityId":"FV_39263329_1","featureId":39263329,"featureOptions":4,"properties":{},"tracking":{"events":[{"id":"impression"},{"id":"conversion"},{"id":"opportunity"}],"parameterized":[]},"triggers":[],"variant":1}],"properties":{},"propertyManifest":{},"tracking":{"events":[{"id":"impression"}],"parameterized":[]},"triggers":[]},"prm":{"_id":"CX_49c8f5a8216e4c6b85f331c0e910c398","_imp":"","startTime":"2022-10-31T20:04:34","expireTime":"2028-04-02T20:04:34","reuseCount":-1,"rotationPeriod":3600,"requiresNetwork":0}},"PAYLOAD_42205118_1":{"f":"raf","v":"1.0","rdr":[{"c":"CDM","u":"FeatureConfiguration"}],"ad":{"class":"content","collections":[],"entityId":"FX:1283FFBE","itemPropertyManifest":{},"items":[{"entityId":"FV_40981503_0","featureId":40981503,"featureOptions":2,"properties":{},"tracking":{"events":[{"id":"impression"},{"id":"conversion"},{"id":"opportunity"}],"parameterized":[]},"triggers":[],"variant":0}],"properties":{},"propertyManifest":{},"tracking":{"events":[{"id":"impression"}],"parameterized":[]},"triggers":[]},"prm":{"_id":"CX_9be1b50725d44994b45acc17f18f6930","_imp":"","startTime":"2022-11-11T23:17:15","expireTime":"2028-04-14T00:00:00","reuseCount":-1,"rotationPeriod":3600,"requiresNetwork":0}},"PAYLOAD_42287289_1":{"f":"raf","v":"1.0","rdr":[{"c":"CDM","u":"FeatureConfiguration"}],"ad":{"class":"content","collections":[],"entityId":"FX:128540B9","itemPropertyManifest":{},"items":[{"entityId":"FV_41137130_0","featureId":41137130,"featureOptions":2,"properties":{},"tracking":{"events":[{"id":"impression"},{"id":"conversion"},{"id":"opportunity"}],"parameterized":[]},"triggers":[],"variant":0}],"properties":{},"propertyManifest":{},"tracking":{"events":[{"id":"impression"}],"parameterized":[]},"triggers":[]},"prm":{"_id":"CX_7561808bd4e04decb772e9cacd513047","_imp":"","startTime":"2022-11-18T01:10:25","expireTime":"2028-04-21T00:00:00","reuseCount":-1,"rotationPeriod":3600,"requiresNetwork":0}},"PAYLOAD_42299953_1":{"f":"raf","v":"1.0","rdr":[{"c":"CDM","u":"FeatureConfiguration"}],"ad":{"class":"content","collections":[],"entityId":"FX:12857231","itemPropertyManifest":{},"items":[{"entityId":"FV_40883769_0","featureId":40883769,"featureOptions":2,"properties":{},"tracking":{"events":[{"id":"impression"},{"id":"conversion"},{"id":"opportunity"}],"parameterized":[]},"triggers":[],"variant":0}],"properties":{},"propertyManifest":{},"tracking":{"events":[{"id":"impression"}],"parameterized":[]},"triggers":[]},"prm":{"_id":"CX_4573c6dd1b4441bca4e0357db979ec45","_imp":"","startTime":"2022-11-19T01:09:22","expireTime":"2028-04-21T01:09:22","reuseCount":-1,"rotationPeriod":3600,"requiresNetwork":0}},"PAYLOAD_43114681_1":{"f":"raf","v":"1.0","rdr":[{"c":"CDM","u":"FeatureConfiguration"}],"ad":{"class":"content","collections":[],"entityId":"FX:1291E0B9","itemPropertyManifest":{},"items":[{"entityId":"FV_41772259_0","featureId":41772259,"featureOptions":4,"properties":{},"tracking":{"events":[{"id":"impression"},{"id":"conversion"},{"id":"opportunity"}],"parameterized":[]},"triggers":[],"variant":0}],"properties":{},"propertyManifest":{},"tracking":{"events":[{"id":"impression"}],"parameterized":[]},"triggers":[]},"prm":{"_id":"CX_45f3ada30ec141eabb3200fe960f6a7f","_imp":"","startTime":"2023-01-26T20:09:02","expireTime":"2028-06-30T00:00:00","reuseCount":-1,"rotationPeriod":3600,"requiresNetwork":0}},"PAYLOAD_43184949_1":{"f":"raf","v":"1.0","rdr":[{"c":"CDM","u":"FeatureConfiguration"}],"ad":{"class":"content","collections":[],"entityId":"FX:1292F335","itemPropertyManifest":{},"items":[{"entityId":"FV_42052423_0","featureId":42052423,"featureOptions":4,"properties":{},"tracking":{"events":[{"id":"impression"},{"id":"conversion"},{"id":"opportunity"}],"parameterized":[]},"triggers":[],"variant":0}],"properties":{},"propertyManifest":{},"tracking":{"events":[{"id":"impression"}],"parameterized":[]},"triggers":[]},"prm":{"_id":"CX_83c8b6e9e1114bb8b42a9495f6e938b8","_imp":"","startTime":"2023-01-31T17:55:55","expireTime":"2028-07-03T17:55:55","reuseCount":-1,"rotationPeriod":3600,"requiresNetwork":0}},"PAYLOAD_43214121_1":{"f":"raf","v":"1.0","rdr":[{"c":"CDM","u":"FeatureConfiguration"}],"ad":{"class":"content","collections":[],"entityId":"FX:12936529","itemPropertyManifest":{},"items":[{"entityId":"FV_32862274_0","featureId":32862274,"featureOptions":4,"properties":{},"tracking":{"events":[{"id":"impression"},{"id":"conversion"},{"id":"opportunity"}],"parameterized":[]},"triggers":[],"variant":0}],"properties":{},"propertyManifest":{},"tracking":{"events":[{"id":"impression"}],"parameterized":[]},"triggers":[]},"prm":{"_id":"CX_0c63f48b018344c4a4ef808c8e39083b","_imp":"","startTime":"2023-02-06T22:14:42","expireTime":"2028-07-09T22:14:42","reuseCount":-1,"rotationPeriod":3600,"requiresNetwork":0}},"PAYLOAD_43292199_1":{"f":"raf","v":"1.0","rdr":[{"c":"CDM","u":"FeatureConfiguration"}],"ad":{"class":"content","collections":[],"entityId":"FX:12949627","itemPropertyManifest":{},"items":[{"entityId":"FV_40616880_0","featureId":40616880,"featureOptions":2,"properties":{},"tracking":{"events":[{"id":"impression"},{"id":"conversion"},{"id":"opportunity"}],"parameterized":[]},"triggers":[],"variant":0}],"properties":{},"propertyManifest":{},"tracking":{"events":[{"id":"impression"}],"parameterized":[]},"triggers":[]},"prm":{"_id":"CX_f56b385ab9734e93aaeca7b1337c1eab","_imp":"","startTime":"2023-02-09T02:14:53","expireTime":"2028-07-14T00:00:00","reuseCount":-1,"rotationPeriod":3600,"requiresNetwork":0}},"PAYLOAD_44079095_1":{"f":"raf","v":"1.0","rdr":[{"c":"CDM","u":"FeatureConfiguration"}],"ad":{"class":"content","collections":[],"entityId":"FX:12A097F7","itemPropertyManifest":{},"items":[{"entityId":"FV_43572857_0","featureId":43572857,"featureOptions":4,"ct":3,"priority":4,"properties":{},"tracking":{"events":[{"id":"impression"},{"id":"conversion"},{"id":"opportunity"}],"parameterized":[]},"triggers":[],"variant":0}],"properties":{},"propertyManifest":{},"tracking":{"events":[{"id":"impression"}],"parameterized":[]},"triggers":[]},"prm":{"_id":"CX_70aa054d77984fd5b0e7026404fbea4a","_imp":"","startTime":"2023-04-06T20:03:11","expireTime":"2028-09-08T00:00:00","reuseCount":-1,"rotationPeriod":3600,"requiresNetwork":0}},"PAYLOAD_44477448_1":{"f":"raf","v":"1.0","rdr":[{"c":"CDM","u":"FeatureConfiguration"}],"ad":{"class":"content","collections":[],"entityId":"FX:12A6AC08","itemPropertyManifest":{},"items":[{"entityId":"FV_40025975_0","featureId":40025975,"featureOptions":2,"ct":0,"priority":4,"properties":{},"tracking":{"events":[{"id":"impression"},{"id":"conversion"},{"id":"opportunity"}],"parameterized":[]},"triggers":[],"variant":0}],"properties":{},"propertyManifest":{},"tracking":{"events":[{"id":"impression"}],"parameterized":[]},"triggers":[]},"prm":{"_id":"CX_2bb373ee3ab74cbaabc24c2b5aeaf1fe","_imp":"","startTime":"2023-05-02T17:43:59","expireTime":"2028-10-02T17:43:59","reuseCount":-1,"rotationPeriod":3600,"requiresNetwork":0}},"PAYLOAD_44518901_1":{"f":"raf","v":"1.0","rdr":[{"c":"CDM","u":"FeatureConfiguration"}],"ad":{"class":"content","collections":[],"entityId":"FX:12A74DF5","itemPropertyManifest":{},"items":[{"entityId":"FV_41342175_0","featureId":41342175,"featureOptions":2,"ct":0,"priority":4,"properties":{},"tracking":{"events":[{"id":"impression"},{"id":"conversion"},{"id":"opportunity"}],"parameterized":[]},"triggers":[],"variant":0}],"properties":{},"propertyManifest":{},"tracking":{"events":[{"id":"impression"}],"parameterized":[]},"triggers":[]},"prm":{"_id":"CX_0042fef5a2b04092accf394b3ec0cc1b","_imp":"","startTime":"2023-05-04T17:04:18","expireTime":"2028-10-06T00:00:00","reuseCount":-1,"rotationPeriod":3600,"requiresNetwork":0}},"PAYLOAD_44923327_1":{"f":"raf","v":"1.0","rdr":[{"c":"CDM","u":"FeatureConfiguration"}],"ad":{"class":"content","collections":[],"entityId":"FX:12AD79BF","itemPropertyManifest":{},"items":[{"entityId":"FV_44521793_0","featureId":44521793,"featureOptions":2,"ct":0,"priority":4,"properties":{},"tracking":{"events":[{"id":"impression"},{"id":"conversion"},{"id":"opportunity"}],"parameterized":[]},"triggers":[],"variant":0}],"properties":{},"propertyManifest":{},"tracking":{"events":[{"id":"impression"}],"parameterized":[]},"triggers":[]},"prm":{"_id":"CX_16a38ea99e254a3c8fbaa130046247e8","_imp":"","startTime":"2023-06-05T18:00:38","expireTime":"2028-11-05T18:00:38","reuseCount":-1,"rotationPeriod":3600,"requiresNetwork":0}},"PAYLOAD_45263406_1":{"f":"raf","v":"1.0","rdr":[{"c":"CDM","u":"FeatureConfiguration"}],"ad":{"class":"content","collections":[],"entityId":"FX:12B2AA2E","itemPropertyManifest":{},"items":[{"entityId":"FV_45113694_0","featureId":45113694,"featureOptions":4,"ct":0,"priority":4,"properties":{},"tracking":{"events":[{"id":"impression"},{"id":"conversion"},{"id":"opportunity"}],"parameterized":[]},"triggers":[],"variant":0}],"properties":{},"propertyManifest":{},"tracking":{"events":[{"id":"impression"}],"parameterized":[]},"triggers":[]},"prm":{"_id":"CX_fc59df4aab5447e9bda8c5ed384f2d6f","_imp":"","startTime":"2023-06-29T21:26:35","expireTime":"2028-12-01T00:00:00","reuseCount":-1,"rotationPeriod":3600,"requiresNetwork":0}},"PAYLOAD_45629236_1":{"f":"raf","v":"1.0","rdr":[{"c":"CDM","u":"FeatureConfiguration"}],"ad":{"class":"content","collections":[],"entityId":"FX:12B83F34","itemPropertyManifest":{},"items":[{"entityId":"FV_43844371_0","featureId":43844371,"featureOptions":2,"ct":0,"priority":4,"properties":{},"tracking":{"events":[{"id":"impression"},{"id":"conversion"},{"id":"opportunity"}],"parameterized":[]},"triggers":[],"variant":0}],"properties":{},"propertyManifest":{},"tracking":{"events":[{"id":"impression"}],"parameterized":[]},"triggers":[]},"prm":{"_id":"CX_49dffce9b31e4ef1b6b50f4d8abb7968","_imp":"","startTime":"2023-07-20T16:50:18","expireTime":"2028-12-22T00:00:00","reuseCount":-1,"rotationPeriod":3600,"requiresNetwork":0}},"PAYLOAD_46024805_1":{"f":"raf","v":"1.0","rdr":[{"c":"CDM","u":"FeatureConfiguration"}],"ad":{"class":"content","collections":[],"entityId":"FX:12BE4865","itemPropertyManifest":{},"items":[{"entityId":"FV_44325080_0","featureId":44325080,"featureOptions":2,"ct":0,"priority":4,"properties":{},"tracking":{"events":[{"id":"impression"},{"id":"conversion"},{"id":"opportunity"}],"parameterized":[]},"triggers":[],"variant":0}],"properties":{},"propertyManifest":{},"tracking":{"events":[{"id":"impression"}],"parameterized":[]},"triggers":[]},"prm":{"_id":"CX_366d6133aa9b408ba21c492c1cfc6ac9","_imp":"","startTime":"2023-08-17T17:18:37","expireTime":"2029-01-19T00:00:00","reuseCount":-1,"rotationPeriod":3600,"requiresNetwork":0}},"PAYLOAD_46535853_1":{"f":"raf","v":"1.0","rdr":[{"c":"CDM","u":"FeatureConfiguration"}],"ad":{"class":"content","collections":[],"entityId":"FX:12C614AD","itemPropertyManifest":{},"items":[{"entityId":"FV_43772553_0","featureId":43772553,"featureOptions":2,"ct":0,"priority":4,"properties":{},"tracking":{"events":[{"id":"impression"},{"id":"conversion"},{"id":"opportunity"}],"parameterized":[]},"triggers":[],"variant":0}],"properties":{},"propertyManifest":{},"tracking":{"events":[{"id":"impression"}],"parameterized":[]},"triggers":[]},"prm":{"_id":"CX_d820dc9b0d544b08a7a0a33f183755a3","_imp":"","startTime":"2023-09-13T22:28:48","expireTime":"2029-02-16T00:00:00","reuseCount":-1,"rotationPeriod":3600,"requiresNetwork":0}},"PAYLOAD_46582716_1":{"f":"raf","v":"1.0","rdr":[{"c":"CDM","u":"FeatureConfiguration"}],"ad":{"class":"content","collections":[],"entityId":"FX:12C6CBBC","itemPropertyManifest":{},"items":[{"entityId":"FV_44552141_0","featureId":44552141,"featureOptions":2,"ct":1,"priority":4,"properties":{},"tracking":{"events":[{"id":"impression"},{"id":"conversion"},{"id":"opportunity"}],"parameterized":[]},"triggers":[],"variant":0}],"properties":{},"propertyManifest":{},"tracking":{"events":[{"id":"impression"}],"parameterized":[]},"triggers":[]},"prm":{"_id":"CX_49ffa2480e0c4269b28b0c191ecbe0bd","_imp":"","startTime":"2023-09-18T23:56:38","expireTime":"2029-02-18T23:56:38","reuseCount":-1,"rotationPeriod":3600,"requiresNetwork":0}},"PAYLOAD_46632389_1":{"f":"raf","v":"1.0","rdr":[{"c":"CDM","u":"FeatureConfiguration"}],"ad":{"class":"content","collections":[],"entityId":"FX:12C78DC5","itemPropertyManifest":{},"items":[{"entityId":"FV_41135193_0","featureId":41135193,"featureOptions":2,"ct":3,"priority":4,"properties":{},"tracking":{"events":[{"id":"impression"},{"id":"conversion"},{"id":"opportunity"}],"parameterized":[]},"triggers":[],"variant":0}],"properties":{},"propertyManifest":{},"tracking":{"events":[{"id":"impression"}],"parameterized":[]},"triggers":[]},"prm":{"_id":"CX_4027302f9ac641ce90b4db7d8072d4a3","_imp":"","startTime":"2023-09-20T18:11:39","expireTime":"2029-02-23T00:00:00","reuseCount":-1,"rotationPeriod":3600,"requiresNetwork":0}},"PAYLOAD_46657259_1":{"f":"raf","v":"1.0","rdr":[{"c":"CDM","u":"FeatureConfiguration"}],"ad":{"class":"content","collections":[],"entityId":"FX:12C7EEEB","itemPropertyManifest":{},"items":[{"entityId":"FV_43203978_0","featureId":43203978,"featureOptions":4,"ct":3,"priority":4,"properties":{},"tracking":{"events":[{"id":"impression"},{"id":"conversion"},{"id":"opportunity"}],"parameterized":[]},"triggers":[],"variant":0}],"properties":{},"propertyManifest":{},"tracking":{"events":[{"id":"impression"}],"parameterized":[]},"triggers":[]},"prm":{"_id":"CX_7771011e2f0c478095c41e6e5a14f694","_imp":"","startTime":"2023-09-22T16:38:19","expireTime":"2029-02-23T00:00:00","reuseCount":-1,"rotationPeriod":3600,"requiresNetwork":0}},"PAYLOAD_46754690_1":{"f":"raf","v":"1.0","rdr":[{"c":"CDM","u":"FeatureConfiguration"}],"ad":{"class":"content","collections":[],"entityId":"FX:12C96B82","itemPropertyManifest":{},"items":[{"entityId":"FV_43978769_0","featureId":43978769,"featureOptions":2,"ct":3,"priority":4,"properties":{},"tracking":{"events":[{"id":"impression"},{"id":"conversion"},{"id":"opportunity"}],"parameterized":[]},"triggers":[],"variant":0}],"properties":{},"propertyManifest":{},"tracking":{"events":[{"id":"impression"}],"parameterized":[]},"triggers":[]},"prm":{"_id":"CX_bfe966553dd64d27b1606c51545e1967","_imp":"","startTime":"2023-09-28T21:38:16","expireTime":"2029-03-02T00:00:00","reuseCount":-1,"rotationPeriod":3600,"requiresNetwork":0}},"PAYLOAD_47092409_1":{"f":"raf","v":"1.0","rdr":[{"c":"CDM","u":"FeatureConfiguration"}],"ad":{"class":"content","collections":[],"entityId":"FX:12CE92B9","itemPropertyManifest":{},"items":[{"entityId":"FV_45786062_0","featureId":45786062,"featureOptions":4,"ct":0,"priority":4,"properties":{},"tracking":{"events":[{"id":"impression"},{"id":"conversion"},{"id":"opportunity"}],"parameterized":[]},"triggers":[],"variant":0,"metadata":{}}],"properties":{},"propertyManifest":{},"tracking":{"events":[{"id":"impression"}],"parameterized":[]},"triggers":[]},"prm":{"_id":"CX_fd11f270a88a4d999f79f40fe32d308c","_imp":"","startTime":"2023-10-16T18:33:10","expireTime":"2029-03-18T18:33:10","reuseCount":-1,"rotationPeriod":3600,"requiresNetwork":0}},"PAYLOAD_47111048_1":{"f":"raf","v":"1.0","rdr":[{"c":"CDM","u":"FeatureConfiguration"}],"ad":{"class":"content","collections":[],"entityId":"FX:12CEDB88","itemPropertyManifest":{},"items":[{"entityId":"FV_45185354_0","featureId":45185354,"featureOptions":4,"ct":0,"priority":4,"properties":{},"tracking":{"events":[{"id":"impression"},{"id":"conversion"},{"id":"opportunity"}],"parameterized":[]},"triggers":[],"variant":0,"metadata":{}}],"properties":{},"propertyManifest":{},"tracking":{"events":[{"id":"impression"}],"parameterized":[]},"triggers":[]},"prm":{"_id":"CX_04908650c4a443938436e1b54a089990","_imp":"","startTime":"2023-10-17T17:37:51","expireTime":"2029-03-23T00:00:00","reuseCount":-1,"rotationPeriod":3600,"requiresNetwork":0}},"PAYLOAD_47153118_1":{"f":"raf","v":"1.0","rdr":[{"c":"CDM","u":"FeatureConfiguration"}],"ad":{"class":"content","collections":[],"entityId":"FX:12CF7FDE","itemPropertyManifest":{},"items":[{"entityId":"FV_19195493_0","featureId":19195493,"featureOptions":4,"ct":1,"priority":4,"properties":{},"tracking":{"events":[{"id":"impression"},{"id":"conversion"},{"id":"opportunity"}],"parameterized":[]},"triggers":[],"variant":0,"metadata":{}}],"properties":{},"propertyManifest":{},"tracking":{"events":[{"id":"impression"}],"parameterized":[]},"triggers":[]},"prm":{"_id":"CX_35c5e11c56de4123a51238724d8878d5","_imp":"","startTime":"2023-10-23T21:30:10","expireTime":"2029-03-25T21:30:10","reuseCount":-1,"rotationPeriod":3600,"requiresNetwork":0}},"PAYLOAD_47180320_1":{"f":"raf","v":"1.0","rdr":[{"c":"CDM","u":"FeatureConfiguration"}],"ad":{"class":"content","collections":[],"entityId":"FX:12CFEA20","itemPropertyManifest":{},"items":[{"entityId":"FV_19193777_0","featureId":19193777,"featureOptions":4,"ct":0,"priority":4,"properties":{},"tracking":{"events":[{"id":"impression"},{"id":"conversion"},{"id":"opportunity"}],"parameterized":[]},"triggers":[],"variant":0,"metadata":{}}],"properties":{},"propertyManifest":{},"tracking":{"events":[{"id":"impression"}],"parameterized":[]},"triggers":[]},"prm":{"_id":"CX_f98edbf3717a4d64848005a4a6914bfb","_imp":"","startTime":"2023-10-21T14:09:55","expireTime":"2029-03-23T14:09:55","reuseCount":-1,"rotationPeriod":3600,"requiresNetwork":0}},"PAYLOAD_47231738_1":{"f":"raf","v":"1.0","rdr":[{"c":"CDM","u":"FeatureConfiguration"}],"ad":{"class":"content","collections":[],"entityId":"FX:12D0B2FA","itemPropertyManifest":{},"items":[{"entityId":"FV_46557400_0","featureId":46557400,"featureOptions":2,"ct":0,"priority":4,"properties":{},"tracking":{"events":[{"id":"impression"},{"id":"conversion"},{"id":"opportunity"}],"parameterized":[]},"triggers":[],"variant":0,"metadata":{}}],"properties":{},"propertyManifest":{},"tracking":{"events":[{"id":"impression"}],"parameterized":[]},"triggers":[]},"prm":{"_id":"CX_662881890b414f43a02ccef31dfbee74","_imp":"","startTime":"2023-10-24T22:51:21","expireTime":"2029-03-26T22:51:21","reuseCount":-1,"rotationPeriod":3600,"requiresNetwork":0}},"PAYLOAD_47251352_1":{"f":"raf","v":"1.0","rdr":[{"c":"CDM","u":"FeatureConfiguration"}],"ad":{"class":"content","collections":[],"entityId":"FX:12D0FF98","itemPropertyManifest":{},"items":[{"entityId":"FV_46619189_0","featureId":46619189,"featureOptions":4,"ct":3,"priority":4,"properties":{},"tracking":{"events":[{"id":"impression"},{"id":"conversion"},{"id":"opportunity"}],"parameterized":[]},"triggers":[],"variant":0,"metadata":{}}],"properties":{},"propertyManifest":{},"tracking":{"events":[{"id":"impression"}],"parameterized":[]},"triggers":[]},"prm":{"_id":"CX_b699310047834adc99ebdd292ca6d4b9","_imp":"","startTime":"2023-10-25T22:57:53","expireTime":"2029-03-30T00:00:00","reuseCount":-1,"rotationPeriod":3600,"requiresNetwork":0}},"PAYLOAD_47267144_1":{"f":"raf","v":"1.0","rdr":[{"c":"CDM","u":"FeatureConfiguration"}],"ad":{"class":"content","collections":[],"entityId":"FX:12D13D48","itemPropertyManifest":{},"items":[{"entityId":"FV_46551074_0","featureId":46551074,"featureOptions":2,"ct":0,"priority":4,"properties":{},"tracking":{"events":[{"id":"impression"},{"id":"conversion"},{"id":"opportunity"}],"parameterized":[]},"triggers":[],"variant":0,"metadata":{}}],"properties":{},"propertyManifest":{},"tracking":{"events":[{"id":"impression"}],"parameterized":[]},"triggers":[]},"prm":{"_id":"CX_13575a3a72aa4fe0976b7ca1b96264af","_imp":"","startTime":"2023-10-26T17:10:48","expireTime":"2029-03-30T00:00:00","reuseCount":-1,"rotationPeriod":3600,"requiresNetwork":0}},"PAYLOAD_47346260_1":{"f":"raf","v":"1.0","rdr":[{"c":"CDM","u":"FeatureConfiguration"}],"ad":{"class":"content","collections":[],"entityId":"FX:12D27254","itemPropertyManifest":{},"items":[{"entityId":"FV_43998261_0","featureId":43998261,"featureOptions":4,"ct":3,"priority":4,"properties":{},"tracking":{"events":[{"id":"impression"},{"id":"conversion"},{"id":"opportunity"}],"parameterized":[]},"triggers":[],"variant":0,"metadata":{}}],"properties":{},"propertyManifest":{},"tracking":{"events":[{"id":"impression"}],"parameterized":[]},"triggers":[]},"prm":{"_id":"CX_6104cf1b65cd4b31b32d35b90b3b6d3c","_imp":"","startTime":"2023-11-01T21:06:32","expireTime":"2029-04-06T00:00:00","reuseCount":-1,"rotationPeriod":3600,"requiresNetwork":0}},"PAYLOAD_47526497_1":{"f":"raf","v":"1.0","rdr":[{"c":"CDM","u":"FeatureConfiguration"}],"ad":{"class":"content","collections":[],"entityId":"FX:12D53261","itemPropertyManifest":{},"items":[{"entityId":"FV_42963857_0","featureId":42963857,"featureOptions":4,"ct":0,"priority":4,"properties":{},"tracking":{"events":[{"id":"impression"},{"id":"conversion"},{"id":"opportunity"}],"parameterized":[]},"triggers":[],"variant":0,"metadata":{}}],"properties":{},"propertyManifest":{},"tracking":{"events":[{"id":"impression"}],"parameterized":[]},"triggers":[]},"prm":{"_id":"CX_fe5647f924b8408195ee8ae766b36bcf","_imp":"","startTime":"2023-11-10T00:47:33","expireTime":"2029-04-13T00:00:00","reuseCount":-1,"rotationPeriod":3600,"requiresNetwork":0}},"PAYLOAD_47555161_1":{"f":"raf","v":"1.0","rdr":[{"c":"CDM","u":"FeatureConfiguration"}],"ad":{"class":"content","collections":[],"entityId":"FX:12D5A259","itemPropertyManifest":{},"items":[{"entityId":"FV_43133808_1","featureId":43133808,"featureOptions":4,"featurePayload":4263551,"ct":0,"priority":4,"properties":{},"tracking":{"events":[{"id":"impression"},{"id":"conversion"},{"id":"opportunity"}],"parameterized":[]},"triggers":[],"variant":1,"metadata":{}}],"properties":{},"propertyManifest":{},"tracking":{"events":[{"id":"impression"}],"parameterized":[]},"triggers":[]},"prm":{"_id":"CX_33ee391fc252426da22c1d5c07ce847b","_imp":"","startTime":"2023-11-13T21:40:18","expireTime":"2029-04-15T21:40:18","reuseCount":-1,"rotationPeriod":3600,"requiresNetwork":0}},"PAYLOAD_47775787_1":{"f":"raf","v":"1.0","rdr":[{"c":"CDM","u":"FeatureConfiguration"}],"ad":{"class":"content","collections":[],"entityId":"FX:12D9002B","itemPropertyManifest":{},"items":[{"entityId":"FV_46251949_0","featureId":46251949,"featureOptions":4,"ct":1,"priority":4,"properties":{},"tracking":{"events":[{"id":"impression"},{"id":"conversion"},{"id":"opportunity"}],"parameterized":[]},"triggers":[],"variant":0,"metadata":{}}],"properties":{},"propertyManifest":{},"tracking":{"events":[{"id":"impression"}],"parameterized":[]},"triggers":[]},"prm":{"_id":"CX_1077dcc5075f43a68df33d179b1320f4","_imp":"","startTime":"2023-11-20T23:18:21","expireTime":"2029-04-22T23:18:21","reuseCount":-1,"rotationPeriod":3600,"requiresNetwork":0}},"PAYLOAD_47954143_1":{"f":"raf","v":"1.0","rdr":[{"c":"CDM","u":"FeatureConfiguration"}],"ad":{"class":"content","collections":[],"entityId":"FX:12DBB8DF","itemPropertyManifest":{},"items":[{"entityId":"FV_38277973_0","featureId":38277973,"featureOptions":2,"ct":3,"priority":4,"properties":{},"tracking":{"events":[{"id":"impression"},{"id":"conversion"},{"id":"opportunity"}],"parameterized":[]},"triggers":[],"variant":0,"metadata":{}}],"properties":{},"propertyManifest":{},"tracking":{"events":[{"id":"impression"}],"parameterized":[]},"triggers":[]},"prm":{"_id":"CX_2612eaa6cc2c495bb6b677a591daffec","_imp":"","startTime":"2023-11-29T06:27:33","expireTime":"2029-05-04T00:00:00","reuseCount":-1,"rotationPeriod":3600,"requiresNetwork":0}},"PAYLOAD_47955166_1":{"f":"raf","v":"1.0","rdr":[{"c":"CDM","u":"FeatureConfiguration"}],"ad":{"class":"content","collections":[],"entityId":"FX:12DBBCDE","itemPropertyManifest":{},"items":[{"entityId":"FV_45991456_0","featureId":45991456,"featureOptions":2,"ct":0,"priority":4,"properties":{},"tracking":{"events":[{"id":"impression"},{"id":"conversion"},{"id":"opportunity"}],"parameterized":[]},"triggers":[],"variant":0,"metadata":{}}],"properties":{},"propertyManifest":{},"tracking":{"events":[{"id":"impression"}],"parameterized":[]},"triggers":[]},"prm":{"_id":"CX_520d89ec264b4c9ab0d925024102e399","_imp":"","startTime":"2023-12-01T12:03:59","expireTime":"2029-05-04T00:00:00","reuseCount":-1,"rotationPeriod":3600,"requiresNetwork":0}},"PAYLOAD_48085574_1":{"f":"raf","v":"1.0","rdr":[{"c":"CDM","u":"FeatureConfiguration"}],"ad":{"class":"content","collections":[],"entityId":"FX:12DDBA46","itemPropertyManifest":{},"items":[{"entityId":"FV_46604216_0","featureId":46604216,"featureOptions":4,"ct":1,"priority":4,"properties":{},"tracking":{"events":[{"id":"impression"},{"id":"conversion"},{"id":"opportunity"}],"parameterized":[]},"triggers":[],"variant":0,"metadata":{}}],"properties":{},"propertyManifest":{},"tracking":{"events":[{"id":"impression"}],"parameterized":[]},"triggers":[]},"prm":{"_id":"CX_b7fa3046b8404209b08bd6cfe6a0de3b","_imp":"","startTime":"2023-12-07T22:52:47","expireTime":"2029-05-11T00:00:00","reuseCount":-1,"rotationPeriod":3600,"requiresNetwork":0}},"PAYLOAD_48143021_1":{"f":"raf","v":"1.0","rdr":[{"c":"CDM","u":"FeatureConfiguration"}],"ad":{"class":"content","collections":[],"entityId":"FX:12DE9AAD","itemPropertyManifest":{},"items":[{"entityId":"FV_46717502_0","featureId":46717502,"featureOptions":4,"ct":3,"priority":4,"properties":{},"tracking":{"events":[{"id":"impression"},{"id":"conversion"},{"id":"opportunity"}],"parameterized":[]},"triggers":[],"variant":0,"metadata":{}}],"properties":{},"propertyManifest":{},"tracking":{"events":[{"id":"impression"}],"parameterized":[]},"triggers":[]},"prm":{"_id":"CX_1ba67bf183bb44c5a566ed59784ca40f","_imp":"","startTime":"2023-12-12T22:32:06","expireTime":"2029-05-14T22:32:06","reuseCount":-1,"rotationPeriod":3600,"requiresNetwork":0}},"PAYLOAD_48223327_1":{"f":"raf","v":"1.0","rdr":[{"c":"CDM","u":"FeatureConfiguration"}],"ad":{"class":"content","collections":[],"entityId":"FX:12DFD45F","itemPropertyManifest":{},"items":[{"entityId":"FV_43169616_0","featureId":43169616,"featureOptions":2,"ct":0,"priority":4,"properties":{},"tracking":{"events":[{"id":"impression"},{"id":"conversion"},{"id":"opportunity"}],"parameterized":[]},"triggers":[],"variant":0,"metadata":{}}],"properties":{},"propertyManifest":{},"tracking":{"events":[{"id":"impression"}],"parameterized":[]},"triggers":[]},"prm":{"_id":"CX_b8c252ed2fe24ed4bf78b0dd11c4d371","_imp":"","startTime":"2023-12-19T06:16:14","expireTime":"2029-05-21T06:16:14","reuseCount":-1,"rotationPeriod":3600,"requiresNetwork":0}},"PAYLOAD_48393311_1":{"f":"raf","v":"1.0","rdr":[{"c":"CDM","u":"FeatureConfiguration"}],"ad":{"class":"content","collections":[],"entityId":"FX:12E26C5F","itemPropertyManifest":{},"items":[{"entityId":"FV_47526873_1","featureId":47526873,"featureOptions":4,"featurePayload":1,"ct":3,"priority":4,"properties":{},"tracking":{"events":[{"id":"impression"},{"id":"conversion"},{"id":"opportunity"}],"parameterized":[]},"triggers":[],"variant":1,"metadata":{}}],"properties":{},"propertyManifest":{},"tracking":{"events":[{"id":"impression"}],"parameterized":[]},"triggers":[]},"prm":{"_id":"CX_9972f5af7cac449c88e87adc09ab52df","_imp":"","startTime":"2024-01-11T17:42:48","expireTime":"2029-06-15T00:00:00","reuseCount":-1,"rotationPeriod":3600,"requiresNetwork":0}},"PAYLOAD_48446178_1":{"f":"raf","v":"1.0","rdr":[{"c":"CDM","u":"FeatureConfiguration"}],"ad":{"class":"content","collections":[],"entityId":"FX:12E33AE2","itemPropertyManifest":{},"items":[{"entityId":"FV_48057519_0","featureId":48057519,"featureOptions":4,"ct":0,"priority":4,"properties":{},"tracking":{"events":[{"id":"impression"},{"id":"conversion"},{"id":"opportunity"}],"parameterized":[]},"triggers":[],"variant":0,"metadata":{}}],"properties":{},"propertyManifest":{},"tracking":{"events":[{"id":"impression"}],"parameterized":[]},"triggers":[]},"prm":{"_id":"CX_54797671e0ff4abeac15b912dae47b22","_imp":"","startTime":"2024-01-10T09:40:20","expireTime":"2029-06-15T00:00:00","reuseCount":-1,"rotationPeriod":3600,"requiresNetwork":0}},"PAYLOAD_48469435_1":{"f":"raf","v":"1.0","rdr":[{"c":"CDM","u":"FeatureConfiguration"}],"ad":{"class":"content","collections":[],"entityId":"FX:12E395BB","itemPropertyManifest":{},"items":[{"entityId":"FV_15546617_1","featureId":15546617,"featureOptions":8,"ct":0,"priority":4,"properties":{},"tracking":{"events":[{"id":"impression"},{"id":"conversion"},{"id":"opportunity"}],"parameterized":[]},"triggers":[],"variant":1,"metadata":{}}],"properties":{},"propertyManifest":{},"tracking":{"events":[{"id":"impression"}],"parameterized":[]},"triggers":[]},"prm":{"_id":"CX_a333eb2d0f62455e926b351280a3747a","_imp":"","startTime":"2024-01-23T01:58:13","expireTime":"2029-06-25T01:58:13","reuseCount":-1,"rotationPeriod":3600,"requiresNetwork":0}},"PAYLOAD_48485258_0":{"f":"raf","v":"1.0","rdr":[{"c":"CDM","u":"FeatureConfiguration"}],"ad":{"class":"content","collections":[],"entityId":"FX:02E3D38A","itemPropertyManifest":{},"items":[{"entityId":"FV_46094352_0","featureId":46094352,"featureOptions":2,"ct":3,"priority":4,"properties":{},"tracking":{"events":[{"id":"impression"},{"id":"conversion"},{"id":"opportunity"}],"parameterized":[]},"triggers":[],"variant":0,"metadata":{}}],"properties":{},"propertyManifest":{},"tracking":{"events":[{"id":"impression"}],"parameterized":[]},"triggers":[]},"prm":{"_id":"CX_605331e6bf06478595ec7a96a2e69aa5","_imp":"","startTime":"2024-01-16T21:44:52","expireTime":"2029-06-18T21:44:52","reuseCount":-1,"rotationPeriod":3600,"requiresNetwork":0}},"PAYLOAD_48521933_1":{"f":"raf","v":"1.0","rdr":[{"c":"CDM","u":"FeatureConfiguration"}],"ad":{"class":"content","collections":[],"entityId":"FX:12E462CD","itemPropertyManifest":{},"items":[{"entityId":"FV_46111200_0","featureId":46111200,"featureOptions":4,"ct":3,"priority":4,"properties":{},"tracking":{"events":[{"id":"impression"},{"id":"conversion"},{"id":"opportunity"}],"parameterized":[]},"triggers":[],"variant":0,"metadata":{}}],"properties":{},"propertyManifest":{},"tracking":{"events":[{"id":"impression"}],"parameterized":[]},"triggers":[]},"prm":{"_id":"CX_f84b8efe88294059a050090dcf98f288","_imp":"","startTime":"2024-01-17T01:22:50","expireTime":"2029-06-22T00:00:00","reuseCount":-1,"rotationPeriod":3600,"requiresNetwork":0}},"PAYLOAD_48527110_1":{"f":"raf","v":"1.0","rdr":[{"c":"CDM","u":"FeatureConfiguration"}],"ad":{"class":"content","collections":[],"entityId":"FX:12E47706","itemPropertyManifest":{},"items":[{"entityId":"FV_47991031_0","featureId":47991031,"featureOptions":4,"ct":3,"priority":4,"properties":{},"tracking":{"events":[{"id":"impression"},{"id":"conversion"},{"id":"opportunity"}],"parameterized":[]},"triggers":[],"variant":0,"metadata":{}}],"properties":{},"propertyManifest":{},"tracking":{"events":[{"id":"impression"}],"parameterized":[]},"triggers":[]},"prm":{"_id":"CX_82d5497143dd4e819325c76e105be50e","_imp":"","startTime":"2024-01-17T01:47:50","expireTime":"2029-06-22T00:00:00","reuseCount":-1,"rotationPeriod":3600,"requiresNetwork":0}},"PAYLOAD_48611349_1":{"f":"raf","v":"1.0","rdr":[{"c":"CDM","u":"FeatureConfiguration"}],"ad":{"class":"content","collections":[],"entityId":"FX:12E5C015","itemPropertyManifest":{},"items":[{"entityId":"FV_46982417_0","featureId":46982417,"featureOptions":4,"ct":3,"priority":4,"properties":{},"tracking":{"events":[{"id":"impression"},{"id":"conversion"},{"id":"opportunity"}],"parameterized":[]},"triggers":[],"variant":0,"metadata":{}}],"properties":{},"propertyManifest":{},"tracking":{"events":[{"id":"impression"}],"parameterized":[]},"triggers":[]},"prm":{"_id":"CX_cb5d7e922ee349978818477f97c06faf","_imp":"","startTime":"2024-01-22T17:57:06","expireTime":"2029-06-24T17:57:06","reuseCount":-1,"rotationPeriod":3600,"requiresNetwork":0}},"PAYLOAD_48629973_1":{"f":"raf","v":"1.0","rdr":[{"c":"CDM","u":"FeatureConfiguration"}],"ad":{"class":"content","collections":[],"entityId":"FX:12E608D5","itemPropertyManifest":{},"items":[{"entityId":"FV_48503047_0","featureId":48503047,"featureOptions":4,"ct":0,"priority":4,"properties":{},"tracking":{"events":[{"id":"impression"},{"id":"conversion"},{"id":"opportunity"}],"parameterized":[]},"triggers":[],"variant":0,"metadata":{}}],"properties":{},"propertyManifest":{},"tracking":{"events":[{"id":"impression"}],"parameterized":[]},"triggers":[]},"prm":{"_id":"CX_0a00c844e6e74f0396f0deb21e609382","_imp":"","startTime":"2024-03-06T22:59:33","expireTime":"2029-08-10T00:00:00","reuseCount":-1,"rotationPeriod":3600,"requiresNetwork":0}},"PAYLOAD_48657065_1":{"f":"raf","v":"1.0","rdr":[{"c":"CDM","u":"FeatureConfiguration"}],"ad":{"class":"content","collections":[],"entityId":"FX:12E672A9","itemPropertyManifest":{},"items":[{"entityId":"FV_45732051_0","featureId":45732051,"featureOptions":4,"ct":0,"priority":4,"properties":{},"tracking":{"events":[{"id":"impression"},{"id":"conversion"},{"id":"opportunity"}],"parameterized":[]},"triggers":[],"variant":0,"metadata":{}}],"properties":{},"propertyManifest":{},"tracking":{"events":[{"id":"impression"}],"parameterized":[]},"triggers":[]},"prm":{"_id":"CX_8d02b95d0298412d8804a71402c8eff7","_imp":"","startTime":"2024-01-24T22:04:56","expireTime":"2029-06-29T00:00:00","reuseCount":-1,"rotationPeriod":3600,"requiresNetwork":0}},"PAYLOAD_48657341_1":{"f":"raf","v":"1.0","rdr":[{"c":"CDM","u":"FeatureConfiguration"}],"ad":{"class":"content","collections":[],"entityId":"FX:12E673BD","itemPropertyManifest":{},"items":[{"entityId":"FV_46541070_0","featureId":46541070,"featureOptions":4,"ct":0,"priority":4,"properties":{},"tracking":{"events":[{"id":"impression"},{"id":"conversion"},{"id":"opportunity"}],"parameterized":[]},"triggers":[],"variant":0,"metadata":{}}],"properties":{},"propertyManifest":{},"tracking":{"events":[{"id":"impression"}],"parameterized":[]},"triggers":[]},"prm":{"_id":"CX_56e83c11be854ca281dd570202cff727","_imp":"","startTime":"2024-01-24T22:05:17","expireTime":"2029-06-29T00:00:00","reuseCount":-1,"rotationPeriod":3600,"requiresNetwork":0}},"PAYLOAD_48657397_1":{"f":"raf","v":"1.0","rdr":[{"c":"CDM","u":"FeatureConfiguration"}],"ad":{"class":"content","collections":[],"entityId":"FX:12E673F5","itemPropertyManifest":{},"items":[{"entityId":"FV_47205155_0","featureId":47205155,"featureOptions":4,"ct":0,"priority":4,"properties":{},"tracking":{"events":[{"id":"impression"},{"id":"conversion"},{"id":"opportunity"}],"parameterized":[]},"triggers":[],"variant":0,"metadata":{}}],"properties":{},"propertyManifest":{},"tracking":{"events":[{"id":"impression"}],"parameterized":[]},"triggers":[]},"prm":{"_id":"CX_c303cb23320b4ee097e0fb38bf783472","_imp":"","startTime":"2024-01-24T22:03:56","expireTime":"2029-06-29T00:00:00","reuseCount":-1,"rotationPeriod":3600,"requiresNetwork":0}},"PAYLOAD_48743460_1":{"f":"raf","v":"1.0","rdr":[{"c":"CDM","u":"FeatureConfiguration"}],"ad":{"class":"content","collections":[],"entityId":"FX:12E7C424","itemPropertyManifest":{},"items":[{"entityId":"FV_46656382_0","featureId":46656382,"featureOptions":4,"ct":3,"priority":4,"properties":{},"tracking":{"events":[{"id":"impression"},{"id":"conversion"},{"id":"opportunity"}],"parameterized":[]},"triggers":[],"variant":0,"metadata":{}}],"properties":{},"propertyManifest":{},"tracking":{"events":[{"id":"impression"}],"parameterized":[]},"triggers":[]},"prm":{"_id":"CX_e21c416061914a48a9c8f7bdd31d12b4","_imp":"","startTime":"2024-03-19T01:59:44","expireTime":"2029-08-20T01:59:44","reuseCount":-1,"rotationPeriod":3600,"requiresNetwork":0}},"PAYLOAD_48744166_1":{"f":"raf","v":"1.0","rdr":[{"c":"CDM","u":"FeatureConfiguration"}],"ad":{"class":"content","collections":[],"entityId":"FX:12E7C6E6","itemPropertyManifest":{},"items":[{"entityId":"FV_46009617_0","featureId":46009617,"featureOptions":4,"ct":3,"priority":4,"properties":{},"tracking":{"events":[{"id":"impression"},{"id":"conversion"},{"id":"opportunity"}],"parameterized":[]},"triggers":[],"variant":0,"metadata":{}}],"properties":{},"propertyManifest":{},"tracking":{"events":[{"id":"impression"}],"parameterized":[]},"triggers":[]},"prm":{"_id":"CX_61d35c370d344028bf1485102d32829f","_imp":"","startTime":"2024-02-01T18:56:10","expireTime":"2029-07-06T00:00:00","reuseCount":-1,"rotationPeriod":3600,"requiresNetwork":0}},"PAYLOAD_48962711_1":{"f":"raf","v":"1.0","rdr":[{"c":"CDM","u":"FeatureConfiguration"}],"ad":{"class":"content","collections":[],"entityId":"FX:12EB1C97","itemPropertyManifest":{},"items":[{"entityId":"FV_47381523_0","featureId":47381523,"featureOptions":4,"ct":3,"priority":4,"properties":{},"tracking":{"events":[{"id":"impression"},{"id":"conversion"},{"id":"opportunity"}],"parameterized":[]},"triggers":[],"variant":0,"metadata":{}}],"properties":{},"propertyManifest":{},"tracking":{"events":[{"id":"impression"}],"parameterized":[]},"triggers":[]},"prm":{"_id":"CX_bf46461081fd457a8e34577cc63a7bb7","_imp":"","startTime":"2024-02-13T16:50:30","expireTime":"2029-07-16T16:50:30","reuseCount":-1,"rotationPeriod":3600,"requiresNetwork":0}},"PAYLOAD_48965290_1":{"f":"raf","v":"1.0","rdr":[{"c":"CDM","u":"FeatureConfiguration"}],"ad":{"class":"content","collections":[],"entityId":"FX:12EB26AA","itemPropertyManifest":{},"items":[{"entityId":"FV_47270778_0","featureId":47270778,"featureOptions":4,"ct":3,"priority":4,"properties":{},"tracking":{"events":[{"id":"impression"},{"id":"conversion"},{"id":"opportunity"}],"parameterized":[]},"triggers":[],"variant":0,"metadata":{}}],"properties":{},"propertyManifest":{},"tracking":{"events":[{"id":"impression"}],"parameterized":[]},"triggers":[]},"prm":{"_id":"CX_bcf6656a32424ba0bcc7e9584f54c987","_imp":"","startTime":"2024-02-13T16:51:24","expireTime":"2029-07-16T16:51:24","reuseCount":-1,"rotationPeriod":3600,"requiresNetwork":0}},"PAYLOAD_49023803_1":{"f":"raf","v":"1.0","rdr":[{"c":"CDM","u":"FeatureConfiguration"}],"ad":{"class":"content","collections":[],"entityId":"FX:12EC0B3B","itemPropertyManifest":{},"items":[{"entityId":"FV_47134595_0","featureId":47134595,"featureOptions":2,"ct":3,"priority":4,"properties":{},"tracking":{"events":[{"id":"impression"},{"id":"conversion"},{"id":"opportunity"}],"parameterized":[]},"triggers":[],"variant":0,"metadata":{}}],"properties":{},"propertyManifest":{},"tracking":{"events":[{"id":"impression"}],"parameterized":[]},"triggers":[]},"prm":{"_id":"CX_1a9f3d5c92ba4c69a5b9a5c86ddcff0b","_imp":"","startTime":"2024-02-15T22:52:21","expireTime":"2029-07-20T00:00:00","reuseCount":-1,"rotationPeriod":3600,"requiresNetwork":0}},"PAYLOAD_49083775_1":{"f":"raf","v":"1.0","rdr":[{"c":"CDM","u":"FeatureConfiguration"}],"ad":{"class":"content","collections":[],"entityId":"FX:12ECF57F","itemPropertyManifest":{},"items":[{"entityId":"FV_47942561_0","featureId":47942561,"featureOptions":4,"ct":1,"priority":4,"properties":{},"tracking":{"events":[{"id":"impression"},{"id":"conversion"},{"id":"opportunity"}],"parameterized":[]},"triggers":[],"variant":0,"metadata":{}}],"properties":{},"propertyManifest":{},"tracking":{"events":[{"id":"impression"}],"parameterized":[]},"triggers":[]},"prm":{"_id":"CX_6da538fe4030482c9a645c3eff2b860f","_imp":"","startTime":"2024-02-21T01:16:11","expireTime":"2029-07-27T00:00:00","reuseCount":-1,"rotationPeriod":3600,"requiresNetwork":0}},"PAYLOAD_49138934_1":{"f":"raf","v":"1.0","rdr":[{"c":"CDM","u":"FeatureConfiguration"}],"ad":{"class":"content","collections":[],"entityId":"FX:12EDCCF6","itemPropertyManifest":{},"items":[{"entityId":"FV_47681899_0","featureId":47681899,"featureOptions":2,"ct":3,"priority":4,"properties":{},"tracking":{"events":[{"id":"impression"},{"id":"conversion"},{"id":"opportunity"}],"parameterized":[]},"triggers":[],"variant":0,"metadata":{}}],"properties":{},"propertyManifest":{},"tracking":{"events":[{"id":"impression"}],"parameterized":[]},"triggers":[]},"prm":{"_id":"CX_210390f0ea0340dcb0e8e128e8b76575","_imp":"","startTime":"2024-02-23T23:19:51","expireTime":"2029-07-27T00:00:00","reuseCount":-1,"rotationPeriod":3600,"requiresNetwork":0}},"PAYLOAD_49256810_1":{"f":"raf","v":"1.0","rdr":[{"c":"CDM","u":"FeatureConfiguration"}],"ad":{"class":"content","collections":[],"entityId":"FX:12EF996A","itemPropertyManifest":{},"items":[{"entityId":"FV_47916854_0","featureId":47916854,"featureOptions":2,"ct":3,"priority":4,"properties":{},"tracking":{"events":[{"id":"impression"},{"id":"conversion"},{"id":"opportunity"}],"parameterized":[]},"triggers":[],"variant":0,"metadata":{}}],"properties":{},"propertyManifest":{},"tracking":{"events":[{"id":"impression"}],"parameterized":[]},"triggers":[]},"prm":{"_id":"CX_d872149e43404d2cb84e39dcb196e49b","_imp":"","startTime":"2024-03-04T18:42:19","expireTime":"2029-08-05T18:42:19","reuseCount":-1,"rotationPeriod":3600,"requiresNetwork":0}},"PAYLOAD_49346170_1":{"f":"raf","v":"1.0","rdr":[{"c":"CDM","u":"FeatureConfiguration"}],"ad":{"class":"content","collections":[],"entityId":"FX:12F0F67A","itemPropertyManifest":{},"items":[{"entityId":"FV_48128028_0","featureId":48128028,"featureOptions":4,"ct":3,"priority":4,"properties":{},"tracking":{"events":[{"id":"impression"},{"id":"conversion"},{"id":"opportunity"}],"parameterized":[]},"triggers":[],"variant":0,"metadata":{}}],"properties":{},"propertyManifest":{},"tracking":{"events":[{"id":"impression"}],"parameterized":[]},"triggers":[]},"prm":{"_id":"CX_df582cd3ce7a48d1aa1ff3817a9769c9","_imp":"","startTime":"2024-03-08T01:49:26","expireTime":"2029-08-10T00:00:00","reuseCount":-1,"rotationPeriod":3600,"requiresNetwork":0}},"PAYLOAD_49348941_1":{"f":"raf","v":"1.0","rdr":[{"c":"CDM","u":"FeatureConfiguration"}],"ad":{"class":"content","collections":[],"entityId":"FX:12F1014D","itemPropertyManifest":{},"items":[{"entityId":"FV_48082515_0","featureId":48082515,"featureOptions":4,"ct":3,"priority":4,"properties":{},"tracking":{"events":[{"id":"impression"},{"id":"conversion"},{"id":"opportunity"}],"parameterized":[]},"triggers":[],"variant":0,"metadata":{}}],"properties":{},"propertyManifest":{},"tracking":{"events":[{"id":"impression"}],"parameterized":[]},"triggers":[]},"prm":{"_id":"CX_7cde7d2a1cbc463898d4d5b1a3fc9849","_imp":"","startTime":"2024-03-08T19:32:26","expireTime":"2029-08-10T00:00:00","reuseCount":-1,"rotationPeriod":3600,"requiresNetwork":0}},"PAYLOAD_49447647_1":{"f":"raf","v":"1.0","rdr":[{"c":"CDM","u":"FeatureConfiguration"}],"ad":{"class":"content","collections":[],"entityId":"FX:12F282DF","itemPropertyManifest":{},"items":[{"entityId":"FV_46984166_0","featureId":46984166,"featureOptions":4,"ct":1,"priority":4,"properties":{},"tracking":{"events":[{"id":"impression"},{"id":"conversion"},{"id":"opportunity"}],"parameterized":[]},"triggers":[],"variant":0,"metadata":{}}],"properties":{},"propertyManifest":{},"tracking":{"events":[{"id":"impression"}],"parameterized":[]},"triggers":[]},"prm":{"_id":"CX_8e4320a2cbba4b3e826eb64047b7150e","_imp":"","startTime":"2024-03-19T02:07:11","expireTime":"2029-08-20T02:07:11","reuseCount":-1,"rotationPeriod":3600,"requiresNetwork":0}},"PAYLOAD_49450194_1":{"f":"raf","v":"1.0","rdr":[{"c":"CDM","u":"FeatureConfiguration"}],"ad":{"class":"content","collections":[],"entityId":"FX:12F28CD2","itemPropertyManifest":{},"items":[{"entityId":"FV_39448330_1","featureId":39448330,"featureOptions":8,"ct":0,"priority":4,"properties":{},"tracking":{"events":[{"id":"impression"},{"id":"conversion"},{"id":"opportunity"}],"parameterized":[]},"triggers":[],"variant":1,"metadata":{},"ctOverride":null}],"properties":{},"propertyManifest":{},"tracking":{"events":[{"id":"impression"}],"parameterized":[]},"triggers":[]},"prm":{"_id":"CX_1f45678b7f61499985f84a4f8bbab35a","_imp":"","startTime":"2024-04-15T20:35:15","expireTime":"9999-12-31T23:59:59","reuseCount":-1,"rotationPeriod":3600,"requiresNetwork":0}},"PAYLOAD_49488572_1":{"f":"raf","v":"1.0","rdr":[{"c":"CDM","u":"FeatureConfiguration"}],"ad":{"class":"content","collections":[],"entityId":"FX:12F322BC","itemPropertyManifest":{},"items":[{"entityId":"FV_49175271_0","featureId":49175271,"featureOptions":4,"ct":3,"priority":4,"properties":{},"tracking":{"events":[{"id":"impression"},{"id":"conversion"},{"id":"opportunity"}],"parameterized":[]},"triggers":[],"variant":0,"metadata":{}}],"properties":{},"propertyManifest":{},"tracking":{"events":[{"id":"impression"}],"parameterized":[]},"triggers":[]},"prm":{"_id":"CX_74c96458b3e84eb3b7d4876ef5fc8ea0","_imp":"","startTime":"2024-03-18T23:53:09","expireTime":"2029-08-19T23:53:09","reuseCount":-1,"rotationPeriod":3600,"requiresNetwork":0}},"PAYLOAD_49540626_1":{"f":"raf","v":"1.0","rdr":[{"c":"CDM","u":"FeatureConfiguration"}],"ad":{"class":"content","collections":[],"entityId":"FX:12F3EE12","itemPropertyManifest":{},"items":[{"entityId":"FV_47921574_0","featureId":47921574,"featureOptions":4,"ct":3,"priority":4,"properties":{},"tracking":{"events":[{"id":"impression"},{"id":"conversion"},{"id":"opportunity"}],"parameterized":[]},"triggers":[],"variant":0,"metadata":{}}],"properties":{},"propertyManifest":{},"tracking":{"events":[{"id":"impression"}],"parameterized":[]},"triggers":[]},"prm":{"_id":"CX_ba63d92e68e94fda988560a31320ffc1","_imp":"","startTime":"2024-03-26T16:55:10","expireTime":"2029-08-27T16:55:10","reuseCount":-1,"rotationPeriod":3600,"requiresNetwork":0}},"PAYLOAD_49585074_1":{"f":"raf","v":"1.0","rdr":[{"c":"CDM","u":"FeatureConfiguration"}],"ad":{"class":"content","collections":[],"entityId":"FX:12F49BB2","itemPropertyManifest":{},"items":[{"entityId":"FV_47973375_0","featureId":47973375,"featureOptions":2,"ct":3,"priority":4,"properties":{},"tracking":{"events":[{"id":"impression"},{"id":"conversion"},{"id":"opportunity"}],"parameterized":[]},"triggers":[],"variant":0,"metadata":{}}],"properties":{},"propertyManifest":{},"tracking":{"events":[{"id":"impression"}],"parameterized":[]},"triggers":[]},"prm":{"_id":"CX_fbad63b0965b4d3c96e7d14dfac28ab2","_imp":"","startTime":"2024-03-21T20:53:28","expireTime":"2029-08-24T00:00:00","reuseCount":-1,"rotationPeriod":3600,"requiresNetwork":0}},"PAYLOAD_49800663_1":{"f":"raf","v":"1.0","rdr":[{"c":"CDM","u":"FeatureConfiguration"}],"ad":{"class":"content","collections":[],"entityId":"FX:12F7E5D7","itemPropertyManifest":{},"items":[{"entityId":"FV_48468541_0","featureId":48468541,"featureOptions":4,"ct":3,"priority":4,"properties":{},"tracking":{"events":[{"id":"impression"},{"id":"conversion"},{"id":"opportunity"}],"parameterized":[]},"triggers":[],"variant":0,"metadata":{}}],"properties":{},"propertyManifest":{},"tracking":{"events":[{"id":"impression"}],"parameterized":[]},"triggers":[]},"prm":{"_id":"CX_dbc727b3b63c45689a540eac9c0c295e","_imp":"","startTime":"2024-04-04T01:45:59","expireTime":"2029-09-07T00:00:00","reuseCount":-1,"rotationPeriod":3600,"requiresNetwork":0}},"PAYLOAD_50090336_1":{"f":"raf","v":"1.0","rdr":[{"c":"CDM","u":"FeatureConfiguration"}],"ad":{"class":"content","collections":[],"entityId":"FX:12FC5160","itemPropertyManifest":{},"items":[{"entityId":"FV_48969045_0","featureId":48969045,"featureOptions":4,"ct":3,"priority":4,"properties":{},"tracking":{"events":[{"id":"impression"},{"id":"conversion"},{"id":"opportunity"}],"parameterized":[]},"triggers":[],"variant":0,"metadata":{},"ctOverride":null}],"properties":{},"propertyManifest":{},"tracking":{"events":[{"id":"impression"}],"parameterized":[]},"triggers":[]},"prm":{"_id":"CX_b3130a51a1244cf98941cb6fbea16764","_imp":"","startTime":"2024-05-01T00:14:36","expireTime":"9999-12-31T23:59:59","reuseCount":-1,"rotationPeriod":3600,"requiresNetwork":0}},"PAYLOAD_50159215_1":{"f":"raf","v":"1.0","rdr":[{"c":"CDM","u":"FeatureConfiguration"}],"ad":{"class":"content","collections":[],"entityId":"FX:12FD5E6F","itemPropertyManifest":{},"items":[{"entityId":"FV_26742989_0","featureId":26742989,"featureOptions":2,"ct":1,"priority":4,"properties":{},"tracking":{"events":[{"id":"impression"},{"id":"conversion"},{"id":"opportunity"}],"parameterized":[]},"triggers":[],"variant":0,"metadata":{},"ctOverride":null}],"properties":{},"propertyManifest":{},"tracking":{"events":[{"id":"impression"}],"parameterized":[]},"triggers":[]},"prm":{"_id":"CX_c47688060ca8477696fc2b19a042160e","_imp":"","startTime":"2024-04-15T22:09:14","expireTime":"9999-12-31T23:59:59","reuseCount":-1,"rotationPeriod":3600,"requiresNetwork":0}},"PAYLOAD_50179198_1":{"ad":{"entityId":"FX:12FDAC7E","items":[{"featureId":49006888,"featureOptions":2,"ct":3,"variant":0,"metadata":{},"ctOverride":null}]},"prm":{"_id":"0"}},"PAYLOAD_50217594_1":{"f":"raf","v":"1.0","rdr":[{"c":"CDM","u":"FeatureConfiguration"}],"ad":{"class":"content","collections":[],"entityId":"FX:12FE427A","itemPropertyManifest":{},"items":[{"entityId":"FV_48042498_0","featureId":48042498,"featureOptions":4,"ct":3,"priority":4,"properties":{},"tracking":{"events":[{"id":"impression"},{"id":"conversion"},{"id":"opportunity"}],"parameterized":[]},"triggers":[],"variant":0,"metadata":{},"ctOverride":null}],"properties":{},"propertyManifest":{},"tracking":{"events":[{"id":"impression"}],"parameterized":[]},"triggers":[]},"prm":{"_id":"CX_696f38bc33c54a6797ee769493550a53","_imp":"","startTime":"2024-05-03T00:36:42","expireTime":"9999-12-31T23:59:59","reuseCount":-1,"rotationPeriod":3600,"requiresNetwork":0}},"PAYLOAD_50227554_1":{"f":"raf","v":"1.0","rdr":[{"c":"CDM","u":"FeatureConfiguration"}],"ad":{"class":"content","collections":[],"entityId":"FX:12FE6962","itemPropertyManifest":{},"items":[{"entityId":"FV_45286373_0","featureId":45286373,"featureOptions":2,"ct":0,"priority":4,"properties":{},"tracking":{"events":[{"id":"impression"},{"id":"conversion"},{"id":"opportunity"}],"parameterized":[]},"triggers":[],"variant":0,"metadata":{},"ctOverride":null}],"properties":{},"propertyManifest":{},"tracking":{"events":[{"id":"impression"}],"parameterized":[]},"triggers":[]},"prm":{"_id":"CX_2223610d8ff14643b16fc44df1a79ae1","_imp":"","startTime":"2024-04-19T17:22:10","expireTime":"9999-12-31T23:59:59","reuseCount":-1,"rotationPeriod":3600,"requiresNetwork":0}},"PAYLOAD_50275013_1":{"f":"raf","v":"1.0","rdr":[{"c":"CDM","u":"FeatureConfiguration"}],"ad":{"class":"content","collections":[],"entityId":"FX:12FF22C5","itemPropertyManifest":{},"items":[{"entityId":"FV_47115450_0","featureId":47115450,"featureOptions":2,"ct":3,"priority":4,"properties":{},"tracking":{"events":[{"id":"impression"},{"id":"conversion"},{"id":"opportunity"}],"parameterized":[]},"triggers":[],"variant":0,"metadata":{},"ctOverride":null}],"properties":{},"propertyManifest":{},"tracking":{"events":[{"id":"impression"}],"parameterized":[]},"triggers":[]},"prm":{"_id":"CX_ea33b9fc0cb042fab2f97b3ab202a2db","_imp":"","startTime":"2024-04-22T19:45:57","expireTime":"9999-12-31T23:59:59","reuseCount":-1,"rotationPeriod":3600,"requiresNetwork":0}},"PAYLOAD_50463862_1":{"f":"raf","v":"1.0","rdr":[{"c":"CDM","u":"FeatureConfiguration"}],"ad":{"class":"content","collections":[],"entityId":"FX:13020476","itemPropertyManifest":{},"items":[{"entityId":"FV_46701147_0","featureId":46701147,"featureOptions":4,"ct":3,"priority":4,"properties":{},"tracking":{"events":[{"id":"impression"},{"id":"conversion"},{"id":"opportunity"}],"parameterized":[]},"triggers":[],"variant":0,"metadata":{},"ctOverride":null}],"properties":{},"propertyManifest":{},"tracking":{"events":[{"id":"impression"}],"parameterized":[]},"triggers":[]},"prm":{"_id":"CX_cdc42c479fa843339a254bdb430bf5cb","_imp":"","startTime":"2024-04-30T01:14:55","expireTime":"9999-12-31T23:59:59","reuseCount":-1,"rotationPeriod":3600,"requiresNetwork":0}},"PAYLOAD_50478739_1":{"f":"raf","v":"1.0","rdr":[{"c":"CDM","u":"FeatureConfiguration"}],"ad":{"class":"content","collections":[],"entityId":"FX:13023E93","itemPropertyManifest":{},"items":[{"entityId":"FV_48468527_0","featureId":48468527,"featureOptions":4,"ct":3,"priority":4,"properties":{},"tracking":{"events":[{"id":"impression"},{"id":"conversion"},{"id":"opportunity"}],"parameterized":[]},"triggers":[],"variant":0,"metadata":{},"ctOverride":null}],"properties":{},"propertyManifest":{},"tracking":{"events":[{"id":"impression"}],"parameterized":[]},"triggers":[]},"prm":{"_id":"CX_6cb53919c93049aa9869e15a2e08f2b5","_imp":"","startTime":"2024-05-01T21:32:09","expireTime":"9999-12-31T23:59:59","reuseCount":-1,"rotationPeriod":3600,"requiresNetwork":0}},"PAYLOAD_50584185_1":{"f":"raf","v":"1.0","rdr":[{"c":"CDM","u":"FeatureConfiguration"}],"ad":{"class":"content","collections":[],"entityId":"FX:1303DA79","itemPropertyManifest":{},"items":[{"entityId":"FV_48818825_0","featureId":48818825,"featureOptions":4,"ct":1,"priority":4,"properties":{},"tracking":{"events":[{"id":"impression"},{"id":"conversion"},{"id":"opportunity"}],"parameterized":[]},"triggers":[],"variant":0,"metadata":{},"ctOverride":null}],"properties":{},"propertyManifest":{},"tracking":{"events":[{"id":"impression"}],"parameterized":[]},"triggers":[]},"prm":{"_id":"CX_80ac0c8126934c7cbfea5c8550b6b49b","_imp":"","startTime":"2024-05-03T20:21:30","expireTime":"9999-12-31T23:59:59","reuseCount":-1,"rotationPeriod":3600,"requiresNetwork":0}},"PAYLOAD_50631569_1":{"f":"raf","v":"1.0","rdr":[{"c":"CDM","u":"FeatureConfiguration"}],"ad":{"class":"content","collections":[],"entityId":"FX:13049391","itemPropertyManifest":{},"items":[{"entityId":"FV_42287267_0","featureId":42287267,"featureOptions":4,"ct":3,"priority":4,"properties":{},"tracking":{"events":[{"id":"impression"},{"id":"conversion"},{"id":"opportunity"}],"parameterized":[]},"triggers":[],"variant":0,"metadata":{},"ctOverride":null}],"properties":{},"propertyManifest":{},"tracking":{"events":[{"id":"impression"}],"parameterized":[]},"triggers":[]},"prm":{"_id":"CX_c892943ba0ee4c258b5c8fe6836208d5","_imp":"","startTime":"2024-05-06T22:25:49","expireTime":"9999-12-31T23:59:59","reuseCount":-1,"rotationPeriod":3600,"requiresNetwork":0}},"PAYLOAD_50646123_1":{"f":"raf","v":"1.0","rdr":[{"c":"CDM","u":"FeatureConfiguration"}],"ad":{"class":"content","collections":[],"entityId":"FX:1304CC6B","itemPropertyManifest":{},"items":[{"entityId":"FV_45786681_0","featureId":45786681,"featureOptions":4,"ct":0,"priority":4,"properties":{},"tracking":{"events":[{"id":"impression"},{"id":"conversion"},{"id":"opportunity"}],"parameterized":[]},"triggers":[],"variant":0,"metadata":{},"ctOverride":null}],"properties":{},"propertyManifest":{},"tracking":{"events":[{"id":"impression"}],"parameterized":[]},"triggers":[]},"prm":{"_id":"CX_2a36bc658e874ace8e793c34034d7c34","_imp":"","startTime":"2024-05-07T17:17:59","expireTime":"9999-12-31T23:59:59","reuseCount":-1,"rotationPeriod":3600,"requiresNetwork":0}},"PAYLOAD_50653709_1":{"f":"raf","v":"1.0","rdr":[{"c":"CDM","u":"FeatureConfiguration"}],"ad":{"class":"content","collections":[],"entityId":"FX:1304EA0D","itemPropertyManifest":{},"items":[{"entityId":"FV_49106743_0","featureId":49106743,"featureOptions":4,"ct":3,"priority":4,"properties":{},"tracking":{"events":[{"id":"impression"},{"id":"conversion"},{"id":"opportunity"}],"parameterized":[]},"triggers":[],"variant":0,"metadata":{},"ctOverride":null}],"properties":{},"propertyManifest":{},"tracking":{"events":[{"id":"impression"}],"parameterized":[]},"triggers":[]},"prm":{"_id":"CX_d064fecbe54440059403f1348e4f4ed9","_imp":"","startTime":"2024-06-06T01:01:13","expireTime":"9999-12-31T23:59:59","reuseCount":-1,"rotationPeriod":3600,"requiresNetwork":0}},"PAYLOAD_50772299_1":{"f":"raf","v":"1.0","rdr":[{"c":"CDM","u":"FeatureConfiguration"}],"ad":{"class":"content","collections":[],"entityId":"FX:1306B94B","itemPropertyManifest":{},"items":[{"entityId":"FV_48660958_0","featureId":48660958,"featureOptions":4,"ct":3,"priority":4,"properties":{},"tracking":{"events":[{"id":"impression"},{"id":"conversion"},{"id":"opportunity"}],"parameterized":[]},"triggers":[],"variant":0,"metadata":{},"ctOverride":null}],"properties":{},"propertyManifest":{},"tracking":{"events":[{"id":"impression"}],"parameterized":[]},"triggers":[]},"prm":{"_id":"CX_c95444763a87440f8c9adde2fe1ed532","_imp":"","startTime":"2024-06-04T01:01:52","expireTime":"9999-12-31T23:59:59","reuseCount":-1,"rotationPeriod":3600,"requiresNetwork":0}},"PAYLOAD_50868514_1":{"f":"raf","v":"1.0","rdr":[{"c":"CDM","u":"FeatureConfiguration"}],"ad":{"class":"content","collections":[],"entityId":"FX:13083122","itemPropertyManifest":{},"items":[{"entityId":"FV_49309588_0","featureId":49309588,"featureOptions":2,"ct":3,"priority":4,"properties":{},"tracking":{"events":[{"id":"impression"},{"id":"conversion"},{"id":"opportunity"}],"parameterized":[]},"triggers":[],"variant":0,"metadata":{},"ctOverride":null}],"properties":{},"propertyManifest":{},"tracking":{"events":[{"id":"impression"}],"parameterized":[]},"triggers":[]},"prm":{"_id":"CX_b563a2103a0c4fc896d4757a31a6cc94","_imp":"","startTime":"2024-06-25T00:35:20","expireTime":"9999-12-31T23:59:59","reuseCount":-1,"rotationPeriod":3600,"requiresNetwork":0}},"PAYLOAD_51102573_1":{"f":"raf","v":"1.0","rdr":[{"c":"CDM","u":"FeatureConfiguration"}],"ad":{"class":"content","collections":[],"entityId":"FX:130BC36D","itemPropertyManifest":{},"items":[{"entityId":"FV_47370305_0","featureId":47370305,"featureOptions":4,"ct":0,"priority":4,"properties":{},"tracking":{"events":[{"id":"impression"},{"id":"conversion"},{"id":"opportunity"}],"parameterized":[]},"triggers":[],"variant":0,"metadata":{},"ctOverride":null}],"properties":{},"propertyManifest":{},"tracking":{"events":[{"id":"impression"}],"parameterized":[]},"triggers":[]},"prm":{"_id":"CX_b65b906f958a49d98b154657261fa106","_imp":"","startTime":"2024-05-21T17:47:10","expireTime":"9999-12-31T23:59:59","reuseCount":-1,"rotationPeriod":3600,"requiresNetwork":0}},"PAYLOAD_51237021_1":{"f":"raf","v":"1.0","rdr":[{"c":"CDM","u":"FeatureConfiguration"}],"ad":{"class":"content","collections":[],"entityId":"FX:130DD09D","itemPropertyManifest":{},"items":[{"entityId":"FV_43729363_0","featureId":43729363,"featureOptions":4,"ct":0,"priority":4,"properties":{},"tracking":{"events":[{"id":"impression"},{"id":"conversion"},{"id":"opportunity"}],"parameterized":[]},"triggers":[],"variant":0,"metadata":{},"ctOverride":null}],"properties":{},"propertyManifest":{},"tracking":{"events":[{"id":"impression"}],"parameterized":[]},"triggers":[]},"prm":{"_id":"CX_9cc1eba374fe4d0c95cb018637fcf873","_imp":"","startTime":"2024-06-06T01:46:40","expireTime":"9999-12-31T23:59:59","reuseCount":-1,"rotationPeriod":3600,"requiresNetwork":0}},"PAYLOAD_51359523_1":{"f":"raf","v":"1.0","rdr":[{"c":"CDM","u":"FeatureConfiguration"}],"ad":{"class":"content","collections":[],"entityId":"FX:130FAF23","itemPropertyManifest":{},"items":[{"entityId":"FV_48296377_0","featureId":48296377,"featureOptions":2,"ct":3,"priority":4,"properties":{},"tracking":{"events":[{"id":"impression"},{"id":"conversion"},{"id":"opportunity"}],"parameterized":[]},"triggers":[],"variant":0,"metadata":{},"ctOverride":null}],"properties":{},"propertyManifest":{},"tracking":{"events":[{"id":"impression"}],"parameterized":[]},"triggers":[]},"prm":{"_id":"CX_2ef0baf89828402f9e87264859f715f2","_imp":"","startTime":"2024-05-28T05:22:35","expireTime":"9999-12-31T23:59:59","reuseCount":-1,"rotationPeriod":3600,"requiresNetwork":0}},"PAYLOAD_51469847_1":{"f":"raf","v":"1.0","rdr":[{"c":"CDM","u":"FeatureConfiguration"}],"ad":{"class":"content","collections":[],"entityId":"FX:13115E17","itemPropertyManifest":{},"items":[{"entityId":"FV_44063183_0","featureId":44063183,"featureOptions":4,"ct":1,"priority":4,"properties":{},"tracking":{"events":[{"id":"impression"},{"id":"conversion"},{"id":"opportunity"}],"parameterized":[]},"triggers":[],"variant":0,"metadata":{},"ctOverride":null}],"properties":{},"propertyManifest":{},"tracking":{"events":[{"id":"impression"}],"parameterized":[]},"triggers":[]},"prm":{"_id":"CX_411b073e805d4141a0403fb9e35166ab","_imp":"","startTime":"2024-06-06T01:46:35","expireTime":"9999-12-31T23:59:59","reuseCount":-1,"rotationPeriod":3600,"requiresNetwork":0}},"PAYLOAD_51479144_1":{"f":"raf","v":"1.0","rdr":[{"c":"CDM","u":"FeatureConfiguration"}],"ad":{"class":"content","collections":[],"entityId":"FX:13118268","itemPropertyManifest":{},"items":[{"entityId":"FV_48786216_0","featureId":48786216,"featureOptions":4,"ct":3,"priority":4,"properties":{},"tracking":{"events":[{"id":"impression"},{"id":"conversion"},{"id":"opportunity"}],"parameterized":[]},"triggers":[],"variant":0,"metadata":{},"ctOverride":null}],"properties":{},"propertyManifest":{},"tracking":{"events":[{"id":"impression"}],"parameterized":[]},"triggers":[]},"prm":{"_id":"CX_7d9e42d389de4c6f948eb88b5416323c","_imp":"","startTime":"2024-06-03T22:57:02","expireTime":"9999-12-31T23:59:59","reuseCount":-1,"rotationPeriod":3600,"requiresNetwork":0}},"PAYLOAD_51535722_1":{"f":"raf","v":"1.0","rdr":[{"c":"CDM","u":"FeatureConfiguration"}],"ad":{"class":"content","collections":[],"entityId":"FX:13125F6A","itemPropertyManifest":{},"items":[{"entityId":"FV_49287050_0","featureId":49287050,"featureOptions":4,"ct":3,"priority":4,"properties":{},"tracking":{"events":[{"id":"impression"},{"id":"conversion"},{"id":"opportunity"}],"parameterized":[]},"triggers":[],"variant":0,"metadata":{},"ctOverride":3}],"properties":{},"propertyManifest":{},"tracking":{"events":[{"id":"impression"}],"parameterized":[]},"triggers":[]},"prm":{"_id":"CX_d6382e41e09a4b588e33bd7ef7792a96","_imp":"","startTime":"2024-06-06T00:49:33","expireTime":"9999-12-31T23:59:59","reuseCount":-1,"rotationPeriod":3600,"requiresNetwork":0}},"PAYLOAD_51540142_1":{"f":"raf","v":"1.0","rdr":[{"c":"CDM","u":"FeatureConfiguration"}],"ad":{"class":"content","collections":[],"entityId":"FX:131270AE","itemPropertyManifest":{},"items":[{"entityId":"FV_48130544_0","featureId":48130544,"featureOptions":4,"ct":1,"priority":4,"properties":{},"tracking":{"events":[{"id":"impression"},{"id":"conversion"},{"id":"opportunity"}],"parameterized":[]},"triggers":[],"variant":0,"metadata":{},"ctOverride":null}],"properties":{},"propertyManifest":{},"tracking":{"events":[{"id":"impression"}],"parameterized":[]},"triggers":[]},"prm":{"_id":"CX_d44540f70e12451b9256942059ffbb5b","_imp":"","startTime":"2024-06-04T01:07:42","expireTime":"9999-12-31T23:59:59","reuseCount":-1,"rotationPeriod":3600,"requiresNetwork":0}},"PAYLOAD_51541286_1":{"f":"raf","v":"1.0","rdr":[{"c":"CDM","u":"FeatureConfiguration"}],"ad":{"class":"content","collections":[],"entityId":"FX:13127526","itemPropertyManifest":{},"items":[{"entityId":"FV_48433541_0","featureId":48433541,"featureOptions":4,"ct":3,"priority":4,"properties":{},"tracking":{"events":[{"id":"impression"},{"id":"conversion"},{"id":"opportunity"}],"parameterized":[]},"triggers":[],"variant":0,"metadata":{},"ctOverride":null}],"properties":{},"propertyManifest":{},"tracking":{"events":[{"id":"impression"}],"parameterized":[]},"triggers":[]},"prm":{"_id":"CX_693cbf984c184f0eb2b15156d1bf499b","_imp":"","startTime":"2024-06-03T18:20:29","expireTime":"9999-12-31T23:59:59","reuseCount":-1,"rotationPeriod":3600,"requiresNetwork":0}},"PAYLOAD_51553929_1":{"f":"raf","v":"1.0","rdr":[{"c":"CDM","u":"FeatureConfiguration"}],"ad":{"class":"content","collections":[],"entityId":"FX:1312A689","itemPropertyManifest":{},"items":[{"entityId":"FV_50569047_0","featureId":50569047,"featureOptions":4,"ct":3,"priority":4,"properties":{},"tracking":{"events":[{"id":"impression"},{"id":"conversion"},{"id":"opportunity"}],"parameterized":[]},"triggers":[],"variant":0,"metadata":{},"ctOverride":null}],"properties":{},"propertyManifest":{},"tracking":{"events":[{"id":"impression"}],"parameterized":[]},"triggers":[]},"prm":{"_id":"CX_98a40f5795ed4580a02d2065edd8fc14","_imp":"","startTime":"2024-06-19T15:57:05","expireTime":"9999-12-31T23:59:59","reuseCount":-1,"rotationPeriod":3600,"requiresNetwork":0}},"PAYLOAD_51553931_1":{"f":"raf","v":"1.0","rdr":[{"c":"CDM","u":"FeatureConfiguration"}],"ad":{"class":"content","collections":[],"entityId":"FX:1312A68B","itemPropertyManifest":{},"items":[{"entityId":"FV_42607764_0","featureId":42607764,"featureOptions":4,"ct":3,"priority":4,"properties":{},"tracking":{"events":[{"id":"impression"},{"id":"conversion"},{"id":"opportunity"}],"parameterized":[]},"triggers":[],"variant":0,"metadata":{},"ctOverride":null}],"properties":{},"propertyManifest":{},"tracking":{"events":[{"id":"impression"}],"parameterized":[]},"triggers":[]},"prm":{"_id":"CX_e23ec3f02b9741ffa6b094da6f9db397","_imp":"","startTime":"2024-06-06T22:45:57","expireTime":"9999-12-31T23:59:59","reuseCount":-1,"rotationPeriod":3600,"requiresNetwork":0}},"PAYLOAD_51566489_1":{"f":"raf","v":"1.0","rdr":[{"c":"CDM","u":"FeatureConfiguration"}],"ad":{"class":"content","collections":[],"entityId":"FX:1312D799","itemPropertyManifest":{},"items":[{"entityId":"FV_48662857_0","featureId":48662857,"featureOptions":4,"ct":1,"priority":4,"properties":{},"tracking":{"events":[{"id":"impression"},{"id":"conversion"},{"id":"opportunity"}],"parameterized":[]},"triggers":[],"variant":0,"metadata":{},"ctOverride":null}],"properties":{},"propertyManifest":{},"tracking":{"events":[{"id":"impression"}],"parameterized":[]},"triggers":[]},"prm":{"_id":"CX_fcfb90fb880a4462831080ead2ecf7b0","_imp":"","startTime":"2024-06-05T16:35:31","expireTime":"9999-12-31T23:59:59","reuseCount":-1,"rotationPeriod":3600,"requiresNetwork":0}},"PAYLOAD_51620036_1":{"f":"raf","v":"1.0","rdr":[{"c":"CDM","u":"FeatureConfiguration"}],"ad":{"class":"content","collections":[],"entityId":"FX:1313A8C4","itemPropertyManifest":{},"items":[{"entityId":"FV_49822061_0","featureId":49822061,"featureOptions":2,"ct":3,"priority":4,"properties":{},"tracking":{"events":[{"id":"impression"},{"id":"conversion"},{"id":"opportunity"}],"parameterized":[]},"triggers":[],"variant":0,"metadata":{},"ctOverride":null}],"properties":{},"propertyManifest":{},"tracking":{"events":[{"id":"impression"}],"parameterized":[]},"triggers":[]},"prm":{"_id":"CX_78044c9d9e09455499af49466d951b0d","_imp":"","startTime":"2024-06-06T21:55:12","expireTime":"9999-12-31T23:59:59","reuseCount":-1,"rotationPeriod":3600,"requiresNetwork":0}},"PAYLOAD_51773820_1":{"f":"raf","v":"1.0","rdr":[{"c":"CDM","u":"FeatureConfiguration"}],"ad":{"class":"content","collections":[],"entityId":"FX:1316017C","itemPropertyManifest":{},"items":[{"entityId":"FV_48433706_0","featureId":48433706,"featureOptions":4,"ct":3,"priority":4,"properties":{},"tracking":{"events":[{"id":"impression"},{"id":"conversion"},{"id":"opportunity"}],"parameterized":[]},"triggers":[],"variant":0,"metadata":{},"ctOverride":null}],"properties":{},"propertyManifest":{},"tracking":{"events":[{"id":"impression"}],"parameterized":[]},"triggers":[]},"prm":{"_id":"CX_129ed539f12f42f981db3aada0885194","_imp":"","startTime":"2024-07-08T21:14:25","expireTime":"9999-12-31T23:59:59","reuseCount":-1,"rotationPeriod":3600,"requiresNetwork":0}},"PAYLOAD_51800884_1":{"f":"raf","v":"1.0","rdr":[{"c":"CDM","u":"FeatureConfiguration"}],"ad":{"class":"content","collections":[],"entityId":"FX:13166B34","itemPropertyManifest":{},"items":[{"entityId":"FV_46457961_0","featureId":46457961,"featureOptions":2,"ct":1,"priority":4,"properties":{},"tracking":{"events":[{"id":"impression"},{"id":"conversion"},{"id":"opportunity"}],"parameterized":[]},"triggers":[],"variant":0,"metadata":{},"ctOverride":null}],"properties":{},"propertyManifest":{},"tracking":{"events":[{"id":"impression"}],"parameterized":[]},"triggers":[]},"prm":{"_id":"CX_9073327fabfc4363916119aedf6a2512","_imp":"","startTime":"2024-06-14T10:50:19","expireTime":"9999-12-31T23:59:59","reuseCount":-1,"rotationPeriod":3600,"requiresNetwork":0}},"PAYLOAD_51800973_1":{"f":"raf","v":"1.0","rdr":[{"c":"CDM","u":"FeatureConfiguration"}],"ad":{"class":"content","collections":[],"entityId":"FX:13166B8D","itemPropertyManifest":{},"items":[{"entityId":"FV_45009259_0","featureId":45009259,"featureOptions":2,"ct":0,"priority":4,"properties":{},"tracking":{"events":[{"id":"impression"},{"id":"conversion"},{"id":"opportunity"}],"parameterized":[]},"triggers":[],"variant":0,"metadata":{},"ctOverride":null}],"properties":{},"propertyManifest":{},"tracking":{"events":[{"id":"impression"}],"parameterized":[]},"triggers":[]},"prm":{"_id":"CX_3f3ed8a9807a4dd097b449873586822a","_imp":"","startTime":"2024-06-14T10:51:13","expireTime":"9999-12-31T23:59:59","reuseCount":-1,"rotationPeriod":3600,"requiresNetwork":0}},"PAYLOAD_51944637_1":{"f":"raf","v":"1.0","rdr":[{"c":"CDM","u":"FeatureConfiguration"}],"ad":{"class":"content","collections":[],"entityId":"FX:13189CBD","itemPropertyManifest":{},"items":[{"entityId":"FV_41267076_0","featureId":41267076,"featureOptions":4,"ct":0,"priority":4,"properties":{},"tracking":{"events":[{"id":"impression"},{"id":"conversion"},{"id":"opportunity"}],"parameterized":[]},"triggers":[],"variant":0,"metadata":{},"ctOverride":null}],"properties":{},"propertyManifest":{},"tracking":{"events":[{"id":"impression"}],"parameterized":[]},"triggers":[]},"prm":{"_id":"CX_73738bcc269144e3acdbcff7ac1049fb","_imp":"","startTime":"2024-06-24T08:51:26","expireTime":"9999-12-31T23:59:59","reuseCount":-1,"rotationPeriod":3600,"requiresNetwork":0}},"PAYLOAD_51956272_1":{"f":"raf","v":"1.0","rdr":[{"c":"CDM","u":"FeatureConfiguration"}],"ad":{"class":"content","collections":[],"entityId":"FX:1318CA30","itemPropertyManifest":{},"items":[{"entityId":"FV_49577493_0","featureId":49577493,"featureOptions":2,"ct":0,"priority":4,"properties":{},"tracking":{"events":[{"id":"impression"},{"id":"conversion"},{"id":"opportunity"}],"parameterized":[]},"triggers":[],"variant":0,"metadata":{},"ctOverride":null}],"properties":{},"propertyManifest":{},"tracking":{"events":[{"id":"impression"}],"parameterized":[]},"triggers":[]},"prm":{"_id":"CX_0f89e07276fa4942bf8301630e484db6","_imp":"","startTime":"2024-06-25T00:35:34","expireTime":"9999-12-31T23:59:59","reuseCount":-1,"rotationPeriod":3600,"requiresNetwork":0}},"PAYLOAD_51956462_1":{"f":"raf","v":"1.0","rdr":[{"c":"CDM","u":"FeatureConfiguration"}],"ad":{"class":"content","collections":[],"entityId":"FX:1318CAEE","itemPropertyManifest":{},"items":[{"entityId":"FV_49239926_0","featureId":49239926,"featureOptions":2,"ct":3,"priority":4,"properties":{},"tracking":{"events":[{"id":"impression"},{"id":"conversion"},{"id":"opportunity"}],"parameterized":[]},"triggers":[],"variant":0,"metadata":{},"ctOverride":null}],"properties":{},"propertyManifest":{},"tracking":{"events":[{"id":"impression"}],"parameterized":[]},"triggers":[]},"prm":{"_id":"CX_c060906944284bb0b0796a59f3cba1f7","_imp":"","startTime":"2024-06-25T00:35:15","expireTime":"9999-12-31T23:59:59","reuseCount":-1,"rotationPeriod":3600,"requiresNetwork":0}},"PAYLOAD_51956463_1":{"f":"raf","v":"1.0","rdr":[{"c":"CDM","u":"FeatureConfiguration"}],"ad":{"class":"content","collections":[],"entityId":"FX:1318CAEF","itemPropertyManifest":{},"items":[{"entityId":"FV_49615603_0","featureId":49615603,"featureOptions":2,"ct":3,"priority":4,"properties":{},"tracking":{"events":[{"id":"impression"},{"id":"conversion"},{"id":"opportunity"}],"parameterized":[]},"triggers":[],"variant":0,"metadata":{},"ctOverride":null}],"properties":{},"propertyManifest":{},"tracking":{"events":[{"id":"impression"}],"parameterized":[]},"triggers":[]},"prm":{"_id":"CX_f59cde2faf3143a8a26d3af231244d92","_imp":"","startTime":"2024-06-25T00:35:28","expireTime":"9999-12-31T23:59:59","reuseCount":-1,"rotationPeriod":3600,"requiresNetwork":0}},"PAYLOAD_51956717_1":{"f":"raf","v":"1.0","rdr":[{"c":"CDM","u":"FeatureConfiguration"}],"ad":{"class":"content","collections":[],"entityId":"FX:1318CBED","itemPropertyManifest":{},"items":[{"entityId":"FV_49204591_0","featureId":49204591,"featureOptions":2,"ct":3,"priority":4,"properties":{},"tracking":{"events":[{"id":"impression"},{"id":"conversion"},{"id":"opportunity"}],"parameterized":[]},"triggers":[],"variant":0,"metadata":{},"ctOverride":null}],"properties":{},"propertyManifest":{},"tracking":{"events":[{"id":"impression"}],"parameterized":[]},"triggers":[]},"prm":{"_id":"CX_f8e760aaa11a4f149f4016fdeab30417","_imp":"","startTime":"2024-06-25T00:35:25","expireTime":"9999-12-31T23:59:59","reuseCount":-1,"rotationPeriod":3600,"requiresNetwork":0}},"PAYLOAD_51956721_1":{"f":"raf","v":"1.0","rdr":[{"c":"CDM","u":"FeatureConfiguration"}],"ad":{"class":"content","collections":[],"entityId":"FX:1318CBF1","itemPropertyManifest":{},"items":[{"entityId":"FV_50762615_0","featureId":50762615,"featureOptions":2,"ct":3,"priority":4,"properties":{},"tracking":{"events":[{"id":"impression"},{"id":"conversion"},{"id":"opportunity"}],"parameterized":[]},"triggers":[],"variant":0,"metadata":{},"ctOverride":null}],"properties":{},"propertyManifest":{},"tracking":{"events":[{"id":"impression"}],"parameterized":[]},"triggers":[]},"prm":{"_id":"CX_c3079c2da7e047cebeed88abc9193b71","_imp":"","startTime":"2024-06-25T00:35:31","expireTime":"9999-12-31T23:59:59","reuseCount":-1,"rotationPeriod":3600,"requiresNetwork":0}},"PAYLOAD_51991985_1":{"f":"raf","v":"1.0","rdr":[{"c":"CDM","u":"FeatureConfiguration"}],"ad":{"class":"content","collections":[],"entityId":"FX:131955B1","itemPropertyManifest":{},"items":[{"entityId":"FV_50174317_1","featureId":50174317,"featureOptions":8,"featurePayload":90,"ct":0,"priority":4,"properties":{},"tracking":{"events":[{"id":"impression"},{"id":"conversion"},{"id":"opportunity"}],"parameterized":[]},"triggers":[],"variant":1,"metadata":{},"ctOverride":null}],"properties":{},"propertyManifest":{},"tracking":{"events":[{"id":"impression"}],"parameterized":[]},"triggers":[]},"prm":{"_id":"CX_cf019e7e28bc44a5a43906f6276b0e15","_imp":"","startTime":"2024-06-28T21:06:43","expireTime":"9999-12-31T23:59:59","reuseCount":-1,"rotationPeriod":3600,"requiresNetwork":0}},"PAYLOAD_52054582_0":{"f":"raf","v":"1.0","rdr":[{"c":"CDM","u":"FeatureConfiguration"}],"ad":{"class":"content","collections":[],"entityId":"FX:031A4A36","itemPropertyManifest":{},"items":[{"entityId":"FV_50223223_0","featureId":50223223,"featureOptions":2,"ct":3,"priority":4,"properties":{},"tracking":{"events":[{"id":"impression"},{"id":"conversion"},{"id":"opportunity"}],"parameterized":[]},"triggers":[],"variant":0,"metadata":{},"ctOverride":null}],"properties":{},"propertyManifest":{},"tracking":{"events":[{"id":"impression"}],"parameterized":[]},"triggers":[]},"prm":{"_id":"CX_07df5656ee144896b669d635a8663679","_imp":"","startTime":"2024-06-27T23:18:25","expireTime":"9999-12-31T23:59:59","reuseCount":-1,"rotationPeriod":3600,"requiresNetwork":0}},"PAYLOAD_52128123_1":{"ad":{"entityId":"FX:131B697B","items":[{"featureId":50556886,"featureOptions":4,"ct":3,"variant":0,"metadata":{},"ctOverride":null}]},"prm":{"_id":"0"}},"PAYLOAD_52258269_0":{"ad":{"entityId":"FX:031D65DD","items":[{"featureId":48281163,"featureOptions":2,"ct":0,"variant":0,"metadata":{},"ctOverride":null}]},"prm":{"_id":"0"}},"PAYLOAD_52537863_1":{"f":"raf","v":"1.0","rdr":[{"c":"CDM","u":"FeatureConfiguration"}],"ad":{"class":"content","collections":[],"entityId":"FX:1321AA07","itemPropertyManifest":{},"items":[{"entityId":"FV_49689210_0","featureId":49689210,"featureOptions":2,"ct":3,"priority":4,"properties":{},"tracking":{"events":[{"id":"impression"},{"id":"conversion"},{"id":"opportunity"}],"parameterized":[]},"triggers":[],"variant":0,"metadata":{},"ctOverride":null}],"properties":{},"propertyManifest":{},"tracking":{"events":[{"id":"impression"}],"parameterized":[]},"triggers":[]},"prm":{"_id":"CX_a20a7ca991134568b0ea9b867da9faa9","_imp":"","startTime":"2024-07-16T23:05:00","expireTime":"9999-12-31T23:59:59","reuseCount":-1,"rotationPeriod":3600,"requiresNetwork":0}},"PAYLOAD_52847011_1":{"ad":{"entityId":"FX:132661A3","items":[{"featureId":50174338,"featureOptions":2,"ct":3,"variant":0,"metadata":{},"ctOverride":3}]},"prm":{"_id":"0"}},"PAYLOAD_53006906_1":{"ad":{"entityId":"FX:1328D23A","items":[{"featureId":49408394,"featureOptions":2,"ct":0,"variant":0,"metadata":{},"ctOverride":null}]},"prm":{"_id":"0"}},"PAYLOAD_53035254_1":{"ad":{"entityId":"FX:132940F6","items":[{"featureId":50480279,"featureOptions":2,"ct":3,"variant":0,"metadata":{},"ctOverride":null}]},"prm":{"_id":"0"}},"PAYLOAD_53072160_1":{"ad":{"entityId":"FX:1329D120","items":[{"featureId":48540091,"featureOptions":4,"ct":0,"variant":0,"metadata":{},"ctOverride":null}]},"prm":{"_id":"0"}},"PAYLOAD_53072252_1":{"ad":{"entityId":"FX:1329D17C","items":[{"featureId":47268464,"featureOptions":8,"ct":0,"variant":1,"metadata":{},"ctOverride":null}]},"prm":{"_id":"0"}},"PAYLOAD_53193457_1":{"ad":{"entityId":"FX:132BAAF1","items":[{"featureId":49084341,"featureOptions":2,"ct":3,"variant":0,"metadata":{},"ctOverride":null}]},"prm":{"_id":"0"}},"PAYLOAD_0_0":{"f":"raf","v":"1.0","rdr":[{"c":"CDM","u":"FeatureConfiguration"}],"ad":{"class":"content","collections":[],"entityId":"0","itemPropertyManifest":{},"items":[],"properties":{},"propertyManifest":{},"tracking":{},"triggers":[]},"prm":{"_id":"CX_be1862a808fc4ecab6de554b7b55e2fe","_imp":"","startTime":"2017-05-15T22:10:57","expireTime":"2018-07-15T22:10:57","reuseCount":-1,"rotationPeriod":3600,"requiresNetwork":0}}}}