{"queryUrl":"/settings/v3.0/SCC/InstallService","settings":{"BACKGROUNDUPDATECALLERLIST":"[\"ScanForUpdates\", \"ScanForUpdatesForUser\", \"UsoClient\", \"MoUpdateOrchestratorDeviceScan\", \"MoUpdateOrchestratorUserScan\"]","CATALOGCACHEITEMDELETETHRESHOLDINHOURS":"720","CATALOGCACHEITEMSTALETHRESHOLDINHOURS":"24","CONCURRENTDEFAULTINSTALLS":"3","CONCURRENTMININSTALLS":"3","DOWNLOADSTUCKTHRESHOLDS":"[[0, 50, 60000], [50, 100, 120000], [100, 500, 300000], [500, -1, 600000]]\n","INTERACTIVEALLOWLIST":"RestoreDevice","INTERACTIVEDISALLOWLIST":"WinGetCli;GamingServices;Microsoft.DesktopAppInstaller_8wekyb3d8bbwe;DSIC;CrossDevice\n ","MANDATORYUPDATEALLOWED":"0","MSIXVCARMSUPPORTENABLED":"1","OFFLINESHEDDINGEXEMPTLIST":"[\"Microsoft.WindowsStore_8wekyb3d8bbwe\", \"StoreInstaller\", \"ScanForUpdates\", \"ScanForUpdatesForUser\", \"UsoClient\", \"MoUpdateOrchestratorDeviceScan\", \"MoUpdateOrchestratorUserScan\"]","ONLINESCANCOOLDOWNINMINUTES":"30","ONLINESCANSALLOWEDININTERVAL":"4","ONLINESCANTIMEINTERVALINMINUTES":"360","QUEUESTUCKTHRESHOLDINSECONDS":"7200","RESTORECOMPATIBILITYHOSTURL":"http://storeedgefd.dsx.mp.microsoft.com/v9.0/osrestore","SYSTEMCOMPONENTLIST":"Microsoft.WindowsStore_8wekyb3d8bbwe;Microsoft.StorePurchaseApp_8wekyb3d8bbwe;Microsoft.DesktopAppInstaller_8wekyb3d8bbwe;Microsoft.Windows.DevHome_8wekyb3d8bbwe;Microsoft.XboxGamingOverlay_8wekyb3d8bbwe;Microsoft.GetHelp_8wekyb3d8bbwe;Microsoft.HEIFImageExtension_8wekyb3d8bbwe;Microsoft.HEVCVideoExtension_8wekyb3d8bbwe;Microsoft.MixedReality.Portal_8wekyb3d8bbwe;Microsoft.MSIXPackagingTool_8wekyb3d8bbwe;Microsoft.YourPhone_8wekyb3d8bbwe;Microsoft.RawImageExtension_8wekyb3d8bbwe;Microsoft.Getstarted_8wekyb3d8bbwe;Microsoft.VP9VideoExtensions_8wekyb3d8bbwe;Microsoft.WebMediaExtensions_8wekyb3d8bbwe;Microsoft.WebpImageExtension_8wekyb3d8bbwe;MicrosoftWindows.Client.WebExperience_cw5n1h2txyewy;MicrosoftCorporationII.WindowsSubsystemforLinux_8wekyb3d8bbwe;MicrosoftWindows.CrossDevice_cw5n1h2txyewy","UOMAXIMUMBLOCKEDINMINUTES":"2880"}}