{"queryUrl":"/settings/v3.0/WindowsAccessibility/SpeechToText","settings":{"DA-DK":{"CPU":"MicrosoftWindows.Speech.da-DK.1_cw5n1h2txyewy","CPU_Size":103,"QCOM":"MicrosoftWindows.Speech.da-DK.qcom.1_cw5n1h2txyewy","QCOM_Size":103,"LiveCaptions":true,"VoiceTyping":false},"DE-DE":{"CPU":"MicrosoftWindows.Speech.de-DE.1_cw5n1h2txyewy","CPU_Size":115,"QCOM":"MicrosoftWindows.Speech.de-DE.qcom.1_cw5n1h2txyewy","QCOM_Size":115,"LiveCaptions":true,"VoiceTyping":true},"EN-AU":{"CPU":"MicrosoftWindows.Speech.en-AU.1_cw5n1h2txyewy","CPU_Size":82,"QCOM":"MicrosoftWindows.Speech.en-AU.qcom.1_cw5n1h2txyewy","QCOM_Size":82,"LiveCaptions":true,"VoiceTyping":true},"EN-CA":{"CPU":"MicrosoftWindows.Speech.en-CA.1_cw5n1h2txyewy","CPU_Size":82,"QCOM":"MicrosoftWindows.Speech.en-CA.qcom.1_cw5n1h2txyewy","QCOM_Size":82,"LiveCaptions":true,"VoiceTyping":true},"EN-GB":{"CPU":"MicrosoftWindows.Speech.en-GB.1_cw5n1h2txyewy","CPU_Size":82,"QCOM":"MicrosoftWindows.Speech.en-GB.qcom.1_cw5n1h2txyewy","QCOM_Size":82,"LiveCaptions":true,"VoiceTyping":true},"EN-IE":{"CPU":"MicrosoftWindows.Speech.en-IE.1_cw5n1h2txyewy","CPU_Size":147,"QCOM":"MicrosoftWindows.Speech.en-IE.qcom.1_cw5n1h2txyewy","QCOM_Size":147,"LiveCaptions":true,"VoiceTyping":false},"EN-IN":{"CPU":"MicrosoftWindows.Speech.en-IN.1_cw5n1h2txyewy","CPU_Size":80,"QCOM":"MicrosoftWindows.Speech.en-IN.qcom.1_cw5n1h2txyewy","QCOM_Size":80,"LiveCaptions":true,"VoiceTyping":true},"EN-NZ":{"CPU":"MicrosoftWindows.Speech.en-NZ.1_cw5n1h2txyewy","CPU_Size":82,"QCOM":"MicrosoftWindows.Speech.en-NZ.qcom.1_cw5n1h2txyewy","QCOM_Size":82,"LiveCaptions":true,"VoiceTyping":true},"EN-US":{"CPU":"MicrosoftWindows.Speech.en-US.1_cw5n1h2txyewy","CPU_Size":102,"QCOM":"MicrosoftWindows.Speech.en-US.qcom.1_cw5n1h2txyewy","QCOM_Size":240,"LiveCaptions":true,"VoiceTyping":true},"ES-ES":{"CPU":"MicrosoftWindows.Speech.es-ES.1_cw5n1h2txyewy","CPU_Size":79,"QCOM":"MicrosoftWindows.Speech.es-ES.qcom.1_cw5n1h2txyewy","QCOM_Size":79,"LiveCaptions":true,"VoiceTyping":true},"ES-MX":{"CPU":"MicrosoftWindows.Speech.es-MX.1_cw5n1h2txyewy","CPU_Size":90,"QCOM":"MicrosoftWindows.Speech.es-MX.qcom.1_cw5n1h2txyewy","QCOM_Size":90,"LiveCaptions":true,"VoiceTyping":true},"FR-CA":{"CPU":"MicrosoftWindows.Speech.fr-CA.1_cw5n1h2txyewy","CPU_Size":154,"QCOM":"MicrosoftWindows.Speech.fr-CA.qcom.1_cw5n1h2txyewy","QCOM_Size":154,"LiveCaptions":true,"VoiceTyping":false},"FR-FR":{"CPU":"MicrosoftWindows.Speech.fr-FR.1_cw5n1h2txyewy","CPU_Size":82,"QCOM":"MicrosoftWindows.Speech.fr-FR.qcom.1_cw5n1h2txyewy","QCOM_Size":82,"LiveCaptions":true,"VoiceTyping":true},"IT-IT":{"CPU":"MicrosoftWindows.Speech.it-IT.1_cw5n1h2txyewy","CPU_Size":85,"QCOM":"MicrosoftWindows.Speech.it-IT.qcom.1_cw5n1h2txyewy","QCOM_Size":85,"LiveCaptions":true,"VoiceTyping":true},"JA-JP":{"CPU":"MicrosoftWindows.Speech.ja-JP.1_cw5n1h2txyewy","CPU_Size":75,"QCOM":"MicrosoftWindows.Speech.ja-JP.qcom.1_cw5n1h2txyewy","QCOM_Size":75,"LiveCaptions":true,"VoiceTyping":false},"KO-KR":{"CPU":"MicrosoftWindows.Speech.ko-KR.1_cw5n1h2txyewy","CPU_Size":96,"QCOM":"MicrosoftWindows.Speech.ko-KR.qcom.1_cw5n1h2txyewy","QCOM_Size":96,"LiveCaptions":true,"VoiceTyping":false},"PT-BR":{"CPU":"MicrosoftWindows.Speech.pt-BR.1_cw5n1h2txyewy","CPU_Size":77,"QCOM":"MicrosoftWindows.Speech.pt-BR.qcom.1_cw5n1h2txyewy","QCOM_Size":77,"LiveCaptions":true,"VoiceTyping":true},"PT-PT":{"CPU":"MicrosoftWindows.Speech.pt-PT.1_cw5n1h2txyewy","CPU_Size":86,"QCOM":"MicrosoftWindows.Speech.pt-PT.qcom.1_cw5n1h2txyewy","QCOM_Size":86,"LiveCaptions":true,"VoiceTyping":false},"ZH-CN":{"CPU":"MicrosoftWindows.Speech.zh-CN.1_cw5n1h2txyewy","CPU_Size":90,"QCOM":"MicrosoftWindows.Speech.zh-CN.qcom.1_cw5n1h2txyewy","QCOM_Size":90,"LiveCaptions":true,"VoiceTyping":false},"ZH-HK":{"CPU":"MicrosoftWindows.Speech.zh-HK.1_cw5n1h2txyewy","CPU_Size":86,"QCOM":"MicrosoftWindows.Speech.zh-HK.qcom.1_cw5n1h2txyewy","QCOM_Size":86,"LiveCaptions":true,"VoiceTyping":false},"ZH-TW":{"CPU":"MicrosoftWindows.Speech.zh-TW.1_cw5n1h2txyewy","CPU_Size":86,"QCOM":" MicrosoftWindows.Speech.zh-TW.qcom.1_cw5n1h2txyewy","QCOM_Size":86,"LiveCaptions":true,"VoiceTyping":false}}}