{"queryUrl":"/settings/v3.0/WindowsAccessibility/TextToSpeech","settings":{"VOICELIST":{"de":{"DE":{"Conrad":{"voiceshortname":"Conrad","voicefullname":"Microsoft Conrad (Natural) - German (Germany)","size":"13.4 MB","voicetype":"Male","preview":"false"},"Katja":{"voiceshortname":"Katja","voicefullname":"Microsoft Katja (Natural) - German (Germany)","size":"13.4 MB","voicetype":"Female","preview":"false"}}},"en":{"GB":{"Ryan":{"voiceshortname":"Ryan","voicefullname":"Microsoft Ryan (Natural) - English (United Kingdom)","size":"20.1 MB","voicetype":"Male","preview":"false"},"Sonia":{"voiceshortname":"Sonia","voicefullname":"Microsoft Sonia (Natural) - English (United Kingdom)","size":"20.1 MB","voicetype":"Female","preview":"false"}},"IN":{"Neerja":{"voiceshortname":"Neerja","voicefullname":"Microsoft Neerja (Natural) - English (India)","size":"32.3 MB","voicetype":"Female","preview":"false"},"Prabhat":{"voiceshortname":"Prabhat","voicefullname":"Microsoft Prabhat (Natural) - English (India)","size":"32.3 MB","voicetype":"Male","preview":"false"}},"US":{"Aria":{"voiceshortname":"Aria","voicefullname":"Microsoft Aria (Natural) - English (United States)","size":"12.2 MB","voicetype":"Female","preview":"true"},"Guy":{"voiceshortname":"Guy","voicefullname":"Microsoft Guy (Natural) - English (United States)","size":"12 MB","voicetype":"Male","preview":"true"},"Jenny":{"voiceshortname":"Jenny","voicefullname":"Microsoft Jenny (Natural) - English (United States)","size":"11.4 MB","voicetype":"Female","preview":"true"}}},"es":{"ES":{"Alvaro":{"voiceshortname":"Alvaro","voicefullname":"Microsoft Alvaro (Natural) - Spanish (Spain)","size":"20.4 MB","voicetype":"Male","preview":"false"},"Elvira":{"voiceshortname":"Elvira","voicefullname":"Microsoft Elvira (Natural) - Spanish (Spain)","size":"20.4 MB","voicetype":"Female","preview":"false"}},"MX":{"Dalia":{"voiceshortname":"Dalia","voicefullname":"Microsoft Dalia (Natural) - Spanish (Mexico)","size":"20 MB","voicetype":"Female","preview":"false"},"Jorge":{"voiceshortname":"Jorge","voicefullname":"Microsoft Jorge (Natural) - Spanish (Mexico)","size":"20 MB","voicetype":"Male","preview":"false"}}},"fr":{"FR":{"Denise":{"voiceshortname":"Denise","voicefullname":"Microsoft Denise (Natural) - French (France)","size":"11.4 MB","voicetype":"Female","preview":"false"},"Henri":{"voiceshortname":"Henri","voicefullname":"Microsoft Henri (Natural) - French (France)","size":"11.4 MB","voicetype":"Male","preview":"false"}}},"ja":{"JP":{"Keita":{"voiceshortname":"Keita","voicefullname":"Microsoft Keita (Natural) - Japanese (Japan)","size":"65.5 MB","voicetype":"Male","preview":"false"},"Nanami":{"voiceshortname":"Nanami","voicefullname":"Microsoft Nanami (Natural) - Japanese (Japan)","size":"70.4 MB","voicetype":"Female","preview":"false"}}},"ko":{"KR":{"InJoon":{"voiceshortname":"InJoon","voicefullname":"Microsoft InJoon (Natural) - Korean (Korea)","size":"12.6 MB","voicetype":"Male","preview":"false"},"SunHi":{"voiceshortname":"SunHi","voicefullname":"Microsoft SunHi (Natural) - Korean (Korea)","size":"12.6 MB","voicetype":"Female","preview":"false"}}},"pt":{"BR":{"Antonio":{"voiceshortname":"Antonio","voicefullname":"Microsoft Antonio - Portuguese (Brazil)","size":"12.2 MB","voicetype":"Male","preview":"false"},"Francisca":{"voiceshortname":"Francisca","voicefullname":"Microsoft Francisca - Portuguese (Brazil)","size":"12.3 MB","voicetype":"Female","preview":"false"}}},"zh":{"CN":{"Xiaoxiao":{"voiceshortname":"Xiaoxiao","voicefullname":"Microsoft Xiaoxiao (Natural) - Chinese (Simplified, China)","size":"54.2 MB","voicetype":"Female","preview":"false"},"Yunxi":{"voiceshortname":"Yunxi","voicefullname":"Microsoft Yunxi (Natural) - Chinese (Simplified, China)","size":"60.4 MB","voicetype":"Male","preview":"false"}}}}}}