{"queryUrl":"/settings/v3.0/WSD/Muse","settings":{"SUPPORTSTHIRDPARTYEXPEDITE":"true","EXPERIMENTID":"Reboot_Retries_SBC_Treatment","ISSMARTBUSYCHECKAPPLICABLE":"false","UXDECISIONENGINEPATCH":{"tables":[{"name":"Retry on missed reboot tasks","rules":[{"checks":[],"logging":"Debug","result":true}]}],"version":"10.0.22621.0"},"OOBEEXPEDITEALLOWEDUPDATERS":["EdgeUpdate","MACUpdate","IA","OfficeClickToRun","LXP","TFLUpdate","OutlookUpdate","DevHomeUpdate","CrossDeviceUpdate","PCManagerUpdate"],"STOREBIZCRITICALAPPS":[{"pfn":"Microsoft.windowsstore_8wekyb3d8bbwe","forcerestart":false,"sendrestartnotification":false},{"pfn":"MicrosoftWindows.Client.WebExperience_cw5n1h2txyewy","forcerestart":false,"sendrestartnotification":true},{"pfn":"Microsoft.Windows.Photos_8wekyb3d8bbwe","forcerestart":false,"sendrestartnotification":false},{"pfn":"Microsoft.Paint_8wekyb3d8bbwe","forcerestart":false,"sendrestartnotification":false},{"pfn":"Microsoft.ZuneMusic_8wekyb3d8bbwe","forcerestart":false,"sendrestartnotification":false},{"pfn":"Microsoft.ZuneVideo_8wekyb3d8bbwe","forcerestart":false,"sendrestartnotification":false},{"pfn":"Microsoft.StorePurchaseApp_8wekyb3d8bbwe","forcerestart":false,"sendrestartnotification":false}],"OPPORTUNISTICSUSTAINABLEPOWERGRIDINTENSITY":"0.8","REBOOTUPDATEOPPORTUNISTICMODESLAINMINUTES":"2880","REBOOTUPDATEPERFORMANCEMODESLAINMINUTES":"0","UNIVERSALORCHESTRATORUPDATERSARRAY":[{"updaterId":"IA","updaterPriority":9,"updaterOOBEDurationInMinutes":7200,"UpdaterPerformanceModeSlaInDays":0,"updaterBehindSlaInDays":2},{"updaterId":"OfficeClickToRun","updaterPriority":10,"updaterOOBEDurationInMinutes":7200,"UpdaterPerformanceModeSlaInDays":0,"updaterBehindSlaInDays":2}],"WUDEFAULTSLAINMINUTES":"2880","WUPERFORMANCEMODESLAINMINUTES":"0","WUOOBEDURATIONINMINUTES":"5760","LEGACYUOPROVIDERACTION_SUSTAINABLEDEFERRALALLOWED":"true"}}