<?xml version="1.0" encoding="utf-8"?>
<!--
Modifying the settings location templates for an application or a 
Windows setting group provided with Microsoft User Experience Virtualization 
may cause synchronization for the modified settings to fail. 
For more information about settings location templates please see 
the UE-V product documentation.  http://go.microsoft.com/fwlink/?LinkId=260889
-->
<SettingsLocationTemplate xmlns='http://schemas.microsoft.com/UserExperienceVirtualization/2013A/SettingsLocationTemplate'>
  <Name>Network Printers</Name>
  <ID>NetworkPrinters</ID>
  <LocalizedNames>
    <Name Locale='en-us'>Network Printers</Name>
    <Name Locale='cs-cz'>Síťové tiskárny</Name>
    <Name Locale='da-dk'>Netværksprintere</Name>
    <Name Locale='de-de'>Netzwerkdrucker</Name>
    <Name Locale='el-gr'>Εκτυπωτές δικτύου</Name>
    <Name Locale='es-es'>Impresoras de red</Name>
    <Name Locale='fi-fi'>Verkkotulostimet</Name>
    <Name Locale='fr-fr'>Imprimantes réseau</Name>
    <Name Locale='hu-hu'>Hálózati nyomtatók</Name>
    <Name Locale='it-it'>Stampanti di rete</Name>
    <Name Locale='ja-jp'>ネットワーク プリンター</Name>
    <Name Locale='ko-kr'>네트워크 프린터</Name>
    <Name Locale='nb-no'>Nettverksskrivere</Name>
    <Name Locale='nl-nl'>Netwerkprinters</Name>
    <Name Locale='pl-pl'>Drukarki sieciowe</Name>
    <Name Locale='pt-br'>Impressoras de Rede</Name>
    <Name Locale='pt-pt'>Impressoras de Rede</Name>
    <Name Locale='ru-ru'>Сетевые принтеры</Name>
    <Name Locale='sk-sk'>Sieťové tlačiarne</Name>
    <Name Locale='sl-si'>Omrežni tiskalniki</Name>
    <Name Locale='sv-se'>Nätverksskrivare</Name>
    <Name Locale='tr-tr'>Ağ Yazıcıları</Name>
    <Name Locale='zh-cn'>网络打印机</Name>
    <Name Locale='zh-tw'>網路印表機</Name>
  </LocalizedNames>
  <Version>1</Version>
  <Processes>
    <ShellProcess/>
  </Processes>
  <Settings>
    <Asynchronous>true</Asynchronous>
    <CustomAction>custom://Printer</CustomAction>
  </Settings>
</SettingsLocationTemplate>
