<?xml version="1.0" encoding="utf-8"?>
<deviceBehavior xmlns="http://schemas.microsoft.com/windows/2008/deviceExperienceBehavior" experienceId="{113527a4-45d4-4b6f-b567-97838f1b04b0}">
    <header watermarkAlign="right" backgroundColor="#FFFFFFFF" textColor="#FF000000" backgroundImage="background.png" watermarkImage="overlay.png">
        <modelInfo image="device.png" launcherThumbnail="superbar.png" />
        <logos />
    </header>
    <appearance textColor="#FF000000" descriptionColor="#FF808080" linkColor="#FF0000FF" linkHoverColor="#FF0000FF" frameColor="#FF646464" backgroundColor="#FFFFFFFF" />
    <statusItems statusPropList="prop:System.PrintStatus.ErrorStatus;System.PrintStatus.WarningStatus;System.PrintStatus.DocumentCount;System.PrintStatus.InfoStatus;System.PrintStatus.Preferences;System.ScanStatus.Profile;System.PrintStatus.Location;System.PrintStatus.Comment;" statusProvider="{0520af9e-e3da-4b32-8be8-0f3e475bfc5f}">
        <statusLinks>
            <statusLink statusProp="System.PrintStatus.ErrorStatus" taskId="{16c5d1ee-eac2-483e-a79a-0bc83c814682}" />
            <statusLink statusProp="System.PrintStatus.WarningStatus" taskId="{16c5d1ee-eac2-483e-a79a-0bc83c814682}" />
            <statusLink statusProp="System.PrintStatus.DocumentCount" taskId="{16c5d1ee-eac2-483e-a79a-0bc83c814682}" />
            <statusLink statusProp="System.PrintStatus.InfoStatus" taskId="{16c5d1ee-eac2-483e-a79a-0bc83c814682}" />
            <statusLink statusProp="System.PrintStatus.Preferences" taskId="{1fd54023-b682-410a-af25-30b5de19e6bf}" />
            <statusLink statusProp="System.ScanStatus.Profile" taskId="{bfc341ac-d9d6-47fe-88b1-f66586dd9e6e}" />
            <statusLink statusProp="System.PrintStatus.Location" taskId="{08811c8c-98c7-4641-b10a-0d01110f77d9}" />
            <statusLink statusProp="System.PrintStatus.Comment" taskId="{08811c8c-98c7-4641-b10a-0d01110f77d9}" />
        </statusLinks>
    </statusItems>
    <taskCategoryMapping>
        <taskRef taskGroupGuid="{e35be42d-f742-4d96-a50a-1775fb1a7a42}" taskId="{16c5d1ee-eac2-483e-a79a-0bc83c814682}" />
        <taskRef taskGroupGuid="{e35be42d-f742-4d96-a50a-1775fb1a7a42}" taskId="{08811c8c-98c7-4641-b10a-0d01110f77d9}" />
        <taskRef taskGroupGuid="{e35be42d-f742-4d96-a50a-1775fb1a7a42}" taskId="{1fd54023-b682-410a-af25-30b5de19e6bf}" />
        <taskRef taskGroupGuid="{e35be42d-f742-4d96-a50a-1775fb1a7a42}" taskId="{f9820abf-af33-46c1-8e82-f45b948629a0}" />
        <taskRef taskGroupGuid="{e35be42d-f742-4d96-a50a-1775fb1a7a42}" taskId="{bfc341ac-d9d6-47fe-88b1-f66586dd9e6e}" />
        <taskRef taskGroupGuid="{e35be42d-f742-4d96-a50a-1775fb1a7a42}" taskId="{9043DB2B-5FF8-4a8e-9753-1B5A7A71DF78}" />
        <taskRef taskGroupGuid="{e35be42d-f742-4d96-a50a-1775fb1a7a42}" taskId="{A3CE1A0A-EE1A-453f-8E6F-D36967747BBF}" />
    </taskCategoryMapping>
</deviceBehavior>
