<?xml version="1.0" encoding="utf-8"?><AppxProvisionList xmlns="http://schemas.microsoft.com/appx/2013/appxprovisionpackage">
  <EndOfLife>
    <Package FamilyName="Microsoft.Camera_8wekyb3d8bbwe"/>
    <Package FamilyName="Microsoft.Bing_8wekyb3d8bbwe"/>
    <Package FamilyName="Microsoft.Alarms_8wekyb3d8bbwe"/>
    <Package FamilyName="Microsoft.Calculate_8wekyb3d8bbwe"/>
    <Package FamilyName="Microsoft.Windows.InsiderHub_cw5n1h2txyewy"/>
    <Package FamilyName="Microsoft.Windows.FeatureOnDemand.InsiderHub_cw5n1h2txyewy"/>
    <Package FamilyName="Microsoft.SoundRecorder_8wekyb3d8bbwe"/>
    <Package FamilyName="microsoft.windowsphotos_8wekyb3d8bbwe"/>
    <Package FamilyName="Microsoft.PPISkype_8wekyb3d8bbwe"/>
    <Package FamilyName="Microsoft.BingMaps_8wekyb3d8bbwe"/>
    <Package FamilyName="Microsoft.Maps3DPreview_8wekyb3d8bbwe"/>
    <Package FamilyName="Microsoft.BioEnrollment_8wekyb3d8bbwe"/>
    <Package FamilyName="Microsoft.Windows.ShellExperienceHost_8wekyb3d8bbwe"/>
    <Package FamilyName="Microsoft.ContentDeliveryManager_8wekyb3d8bbwe"/>
    <Package FamilyName="Microsoft.Spartan_8wekyb3d8bbwe"/>
    <Package FamilyName="Microsoft.Windows.Spartan_cw5n1h2txyewy"/>
    <Package FamilyName="Microsoft.AnswerDesk_8wekyb3d8bbwe"/>
    <Package FamilyName="Microsoft.AccountsControl_8wekyb3d8bbwe"/>
    <Package FamilyName="Microsoft.HelpAndTips_8wekyb3d8bbwe"/>
    <Package FamilyName="Microsoft.CloudExperienceHost_8wekyb3d8bbwe"/>
    <Package FamilyName="microsoft.windowsdefaultlockscreen_8wekyb3d8bbwe"/>
    <Package FamilyName="Microsoft.AAD.BrokerPlugin_8wekyb3d8bbwe"/>
    <Package FamilyName="Microsoft.MicrosoftFeedback_8wekyb3d8bbwe"/>
    <Package FamilyName="Microsoft.WindowsFeedback_cw5n1h2txyewy"/>
    <Package FamilyName="Microsoft.PPIWelcome_8wekyb3d8bbwe"/>
    <Package FamilyName="Microsoft.PPIProjection_8wekyb3d8bbwe"/>
    <Package FamilyName="Microsoft.Office.OneNote_cw5n1h2txyewy"/>
    <Package FamilyName="Microsoft.Music.Preview_8wekyb3d8bbwe"/>
    <Package FamilyName="Microsoft.Video.Preview_8wekyb3d8bbwe"/>
    <Package FamilyName="Microsoft.WelcomeScreen_cw5n1h2txyewy"/>
    <Package FamilyName="Microsoft.XboxLIVEGames_8wekyb3d8bbwe"/>
    <Package FamilyName="AssignedAccessLockApp_cw5n1h2txyewy"/>
    <Package FamilyName="Microsoft.XboxIdentityProvider_cw5n1h2txyewy"/>
    <Package FamilyName="14C78905.TrendMicroMalwareMap_y1xsffnhj35f6"/>
    <Package FamilyName="14C78905.TrendMicroConnect_y1xsffnhj35f6"/>
    <Package FamilyName="Windows.PurchaseDialog_cw5n1h2txyewy"/>
    <Package FamilyName="RaraMediaGroupLtd.raramusicwithLenovo_974r2wkty6q6y"/>
    <Package FamilyName="NeonRabbit.Laszlo_en4prcah77pjg"/>
    <Package FamilyName="Windows.MiracastView_cw5n1h2txyewy"/>
    <Package FamilyName="Holograms_cw5n1h2txyewy"/>
    <Package FamilyName="HolographicViewer_cw5n1h2txyewy"/>
    <Package FamilyName="Microsoft.WindowsPhone_8wekyb3d8bbwe"/>
    <Package FamilyName="Microsoft.Windows.Cortana_cw5n1h2txyewy"/>
    <Package FamilyName="MicrosoftWindows.UX.Client.ST_cw5n1h2txyewy"/>
    <Package FamilyName="Microsoft.Wallet_8wekyb3d8bbwe"/>
    <Package FamilyName="Microsoft.Windows.SecHealthUI_cw5n1h2txyewy"/>
    <Package FamilyName="MicrosoftWindows.UX.Inbox_cw5n1h2txyewy"/>
  </EndOfLife>
<Provisioned><Package FullName="Microsoft.YourPhone_1.22022.147.0_neutral_~_8wekyb3d8bbwe" PackageType="bundle"/><Package FullName="Microsoft.YourPhone_0.22022.147.0_x64__8wekyb3d8bbwe" ProvisionSourceIsBundle="true"/><Package FullName="Microsoft.YourPhone_0.22022.147.0_neutral_split.scale-100_8wekyb3d8bbwe" ProvisionSourceIsBundle="true" PackageType="resource"/><Package FullName="Microsoft.YourPhone_0.22022.147.0_neutral_split.scale-125_8wekyb3d8bbwe" ProvisionSourceIsBundle="true" PackageType="resource"/><Package FullName="Microsoft.549981C3F5F10_3.2204.14815.0_neutral_~_8wekyb3d8bbwe" PackageType="bundle"/><Package FullName="Microsoft.NET.Native.Framework.2.2_2.2.29512.0_x64__8wekyb3d8bbwe" PackageType="framework"/><Package FullName="Microsoft.NET.Native.Runtime.2.2_2.2.28604.0_x64__8wekyb3d8bbwe" PackageType="framework"/><Package FullName="Microsoft.VCLibs.140.00.UWPDesktop_14.0.30704.0_x64__8wekyb3d8bbwe" PackageType="framework"/><Package FullName="Microsoft.549981C3F5F10_3.2204.14815.0_x64__8wekyb3d8bbwe" ProvisionSourceIsBundle="true"/><Package FullName="Microsoft.WindowsStore_22204.1400.4.0_neutral_~_8wekyb3d8bbwe" PackageType="bundle"/><Package FullName="Microsoft.UI.Xaml.2.7_7.2203.17001.0_x64__8wekyb3d8bbwe" PackageType="framework"/><Package FullName="Microsoft.WindowsStore_22204.1400.4.0_x64__8wekyb3d8bbwe" ProvisionSourceIsBundle="true"/><Package FullName="Microsoft.StorePurchaseApp_12008.1001.113.0_neutral_~_8wekyb3d8bbwe" PackageType="bundle"/><Package FullName="Microsoft.StorePurchaseApp_12008.1001.1.0_x64__8wekyb3d8bbwe" ProvisionSourceIsBundle="true"/><Package FullName="microsoft.windowscommunicationsapps_16005.14326.20544.0_neutral_~_8wekyb3d8bbwe" PackageType="bundle"/><Package FullName="microsoft.windowscommunicationsapps_16005.14326.20544.0_x64__8wekyb3d8bbwe" ProvisionSourceIsBundle="true"/><Package FullName="Microsoft.People_2020.901.1724.0_neutral_~_8wekyb3d8bbwe" PackageType="bundle"/><Package FullName="Microsoft.People_10.1909.12456.0_x64__8wekyb3d8bbwe" ProvisionSourceIsBundle="true"/><Package FullName="Microsoft.People_10.1909.12456.0_neutral_split.scale-100_8wekyb3d8bbwe" ProvisionSourceIsBundle="true" PackageType="resource"/><Package FullName="Microsoft.People_10.1909.12456.0_neutral_split.scale-125_8wekyb3d8bbwe" ProvisionSourceIsBundle="true" PackageType="resource"/><Package FullName="Microsoft.BingNews_4.2.27001.0_neutral_~_8wekyb3d8bbwe" PackageType="bundle"/><Package FullName="Microsoft.BingNews_1.0.1.0_x64__8wekyb3d8bbwe" ProvisionSourceIsBundle="true"/><Package FullName="Microsoft.BingNews_1.0.1.0_neutral_split.scale-100_8wekyb3d8bbwe" ProvisionSourceIsBundle="true" PackageType="resource"/><Package FullName="Microsoft.BingNews_1.0.1.0_neutral_split.scale-125_8wekyb3d8bbwe" ProvisionSourceIsBundle="true" PackageType="resource"/><Package FullName="Microsoft.BingWeather_4.53.33420.0_neutral_~_8wekyb3d8bbwe" PackageType="bundle"/><Package FullName="Microsoft.BingWeather_1.0.6.0_x64__8wekyb3d8bbwe" ProvisionSourceIsBundle="true"/><Package FullName="Microsoft.BingWeather_1.0.6.0_neutral_split.scale-100_8wekyb3d8bbwe" ProvisionSourceIsBundle="true" PackageType="resource"/><Package FullName="Microsoft.BingWeather_1.0.6.0_neutral_split.scale-125_8wekyb3d8bbwe" ProvisionSourceIsBundle="true" PackageType="resource"/><Package FullName="Microsoft.MicrosoftSolitaireCollection_4.12.3171.0_neutral_~_8wekyb3d8bbwe" PackageType="bundle"/><Package FullName="Microsoft.MicrosoftSolitaireCollection_4.12.3171.0_x64__8wekyb3d8bbwe" ProvisionSourceIsBundle="true"/><Package FullName="Microsoft.MicrosoftSolitaireCollection_4.12.3171.0_neutral_split.scale-125_8wekyb3d8bbwe" ProvisionSourceIsBundle="true" PackageType="resource"/><Package FullName="Microsoft.MicrosoftSolitaireCollection_4.12.3171.0_neutral_split.scale-200_8wekyb3d8bbwe" ProvisionSourceIsBundle="true" PackageType="resource"/><Package FullName="Microsoft.ZuneMusic_11.2202.46.0_neutral_~_8wekyb3d8bbwe" PackageType="bundle"/><Package FullName="Microsoft.ZuneMusic_11.2202.46.0_x64__8wekyb3d8bbwe" ProvisionSourceIsBundle="true"/><Package FullName="Microsoft.ZuneMusic_11.2202.46.0_neutral_split.scale-125_8wekyb3d8bbwe" ProvisionSourceIsBundle="true" PackageType="resource"/><Package FullName="Microsoft.ZuneMusic_11.2202.46.0_neutral_split.scale-100_8wekyb3d8bbwe" ProvisionSourceIsBundle="true" PackageType="resource"/><Package FullName="Microsoft.ZuneVideo_2019.22020.10021.0_neutral_~_8wekyb3d8bbwe" PackageType="bundle"/><Package FullName="Microsoft.ZuneVideo_10.22020.10021.0_x64__8wekyb3d8bbwe" ProvisionSourceIsBundle="true"/><Package FullName="Microsoft.ZuneVideo_10.22020.10021.0_neutral_split.scale-100_8wekyb3d8bbwe" ProvisionSourceIsBundle="true" PackageType="resource"/><Package FullName="Microsoft.ZuneVideo_10.22020.10021.0_neutral_split.scale-125_8wekyb3d8bbwe" ProvisionSourceIsBundle="true" PackageType="resource"/><Package FullName="Microsoft.WindowsAlarms_2022.2202.24.0_neutral_~_8wekyb3d8bbwe" PackageType="bundle"/><Package FullName="Microsoft.WindowsAlarms_1.0.75.0_x64__8wekyb3d8bbwe" ProvisionSourceIsBundle="true"/><Package FullName="Microsoft.WindowsAlarms_1.0.75.0_neutral_split.scale-100_8wekyb3d8bbwe" ProvisionSourceIsBundle="true" PackageType="resource"/><Package FullName="Microsoft.WindowsAlarms_1.0.75.0_neutral_split.scale-125_8wekyb3d8bbwe" ProvisionSourceIsBundle="true" PackageType="resource"/><Package FullName="Microsoft.WindowsCalculator_2020.2103.8.0_neutral_~_8wekyb3d8bbwe" PackageType="bundle"/><Package FullName="Microsoft.UI.Xaml.2.4_2.42007.9001.0_x64__8wekyb3d8bbwe" PackageType="framework"/><Package FullName="Microsoft.WindowsCalculator_10.2103.8.0_x64__8wekyb3d8bbwe" ProvisionSourceIsBundle="true"/><Package FullName="Microsoft.WindowsCalculator_10.2103.8.0_neutral_split.scale-100_8wekyb3d8bbwe" ProvisionSourceIsBundle="true" PackageType="resource"/><Package FullName="Microsoft.WindowsCalculator_10.2103.8.0_neutral_split.scale-125_8wekyb3d8bbwe" ProvisionSourceIsBundle="true" PackageType="resource"/><Package FullName="Microsoft.WindowsNotepad_11.2112.32.0_neutral_~_8wekyb3d8bbwe" PackageType="bundle"/><Package FullName="Microsoft.WindowsNotepad_11.2112.32.0_x64__8wekyb3d8bbwe" ProvisionSourceIsBundle="true"/><Package FullName="Microsoft.WindowsNotepad_11.2112.32.0_neutral_split.scale-100_8wekyb3d8bbwe" ProvisionSourceIsBundle="true" PackageType="resource"/><Package FullName="Microsoft.WindowsNotepad_11.2112.32.0_neutral_split.scale-125_8wekyb3d8bbwe" ProvisionSourceIsBundle="true" PackageType="resource"/><Package FullName="Microsoft.WindowsTerminal_3001.12.10983.0_neutral_~_8wekyb3d8bbwe" PackageType="bundle"/><Package FullName="Microsoft.WindowsTerminal_1.12.10983.0_x64__8wekyb3d8bbwe" ProvisionSourceIsBundle="true"/><Package FullName="Microsoft.WindowsFeedbackHub_2022.106.2230.0_neutral_~_8wekyb3d8bbwe" PackageType="bundle"/><Package FullName="Microsoft.WindowsFeedbackHub_1.2201.61.0_x64__8wekyb3d8bbwe" ProvisionSourceIsBundle="true"/><Package FullName="Microsoft.WindowsFeedbackHub_1.2201.61.0_neutral_split.scale-125_8wekyb3d8bbwe" ProvisionSourceIsBundle="true" PackageType="resource"/><Package FullName="Microsoft.WindowsFeedbackHub_1.2201.61.0_neutral_split.scale-100_8wekyb3d8bbwe" ProvisionSourceIsBundle="true" PackageType="resource"/><Package FullName="Microsoft.GetHelp_10.2201.421.0_neutral_~_8wekyb3d8bbwe" PackageType="bundle"/><Package FullName="Microsoft.GetHelp_10.2201.421.0_x64__8wekyb3d8bbwe" ProvisionSourceIsBundle="true"/><Package FullName="Microsoft.GetHelp_10.2201.421.0_neutral_split.scale-100_8wekyb3d8bbwe" ProvisionSourceIsBundle="true" PackageType="resource"/><Package FullName="Microsoft.GetHelp_10.2201.421.0_neutral_split.scale-125_8wekyb3d8bbwe" ProvisionSourceIsBundle="true" PackageType="resource"/><Package FullName="Microsoft.WindowsSoundRecorder_2021.2103.28.0_neutral_~_8wekyb3d8bbwe" PackageType="bundle"/><Package FullName="Microsoft.WindowsSoundRecorder_1.0.42.0_x64__8wekyb3d8bbwe" ProvisionSourceIsBundle="true"/><Package FullName="Microsoft.WindowsSoundRecorder_1.0.42.0_neutral_split.scale-125_8wekyb3d8bbwe" ProvisionSourceIsBundle="true" PackageType="resource"/><Package FullName="Microsoft.WindowsSoundRecorder_1.0.42.0_neutral_split.scale-200_8wekyb3d8bbwe" ProvisionSourceIsBundle="true" PackageType="resource"/><Package FullName="Microsoft.MicrosoftOfficeHub_18.2204.1141.0_neutral_~_8wekyb3d8bbwe" PackageType="bundle"/><Package FullName="Microsoft.MicrosoftOfficeHub_18.2204.1141.0_x64__8wekyb3d8bbwe" ProvisionSourceIsBundle="true"/><Package FullName="Microsoft.MicrosoftOfficeHub_18.2204.1141.0_neutral_split.scale-100_8wekyb3d8bbwe" ProvisionSourceIsBundle="true" PackageType="resource"/><Package FullName="Microsoft.MicrosoftOfficeHub_18.2204.1141.0_neutral_split.scale-125_8wekyb3d8bbwe" ProvisionSourceIsBundle="true" PackageType="resource"/><Package FullName="Microsoft.ScreenSketch_2022.2201.12.0_neutral_~_8wekyb3d8bbwe" PackageType="bundle"/><Package FullName="Microsoft.ScreenSketch_11.2201.12.0_x64__8wekyb3d8bbwe" ProvisionSourceIsBundle="true"/><Package FullName="Microsoft.ScreenSketch_11.2201.12.0_neutral_split.scale-125_8wekyb3d8bbwe" ProvisionSourceIsBundle="true" PackageType="resource"/><Package FullName="Microsoft.ScreenSketch_11.2201.12.0_neutral_split.scale-100_8wekyb3d8bbwe" ProvisionSourceIsBundle="true" PackageType="resource"/><Package FullName="Microsoft.MicrosoftStickyNotes_4.2.2.0_neutral_~_8wekyb3d8bbwe" PackageType="bundle"/><Package FullName="Microsoft.MicrosoftStickyNotes_4.0.422.0_x64__8wekyb3d8bbwe" ProvisionSourceIsBundle="true"/><Package FullName="Microsoft.MicrosoftStickyNotes_4.0.422.0_neutral_split.scale-100_8wekyb3d8bbwe" ProvisionSourceIsBundle="true" PackageType="resource"/><Package FullName="Microsoft.MicrosoftStickyNotes_4.0.422.0_neutral_split.scale-125_8wekyb3d8bbwe" ProvisionSourceIsBundle="true" PackageType="resource"/><Package FullName="Microsoft.Todos_2.54.42772.0_neutral_~_8wekyb3d8bbwe" PackageType="bundle"/><Package FullName="Microsoft.Todos_0.54.42772.0_x64__8wekyb3d8bbwe" ProvisionSourceIsBundle="true"/><Package FullName="Microsoft.Todos_0.54.42772.0_neutral_split.scale-100_8wekyb3d8bbwe" ProvisionSourceIsBundle="true" PackageType="resource"/><Package FullName="Microsoft.Todos_0.54.42772.0_neutral_split.scale-125_8wekyb3d8bbwe" ProvisionSourceIsBundle="true" PackageType="resource"/><Package FullName="Microsoft.VCLibs.140.00_14.0.30704.0_x64__8wekyb3d8bbwe" IsLOBApp="true"/><Package FullName="Microsoft.XboxSpeechToTextOverlay_1.17.29001.0_neutral_~_8wekyb3d8bbwe" PackageType="bundle"/><Package FullName="Microsoft.XboxSpeechToTextOverlay_1.17.29001.0_x64__8wekyb3d8bbwe" ProvisionSourceIsBundle="true"/><Package FullName="Microsoft.XboxSpeechToTextOverlay_1.17.29001.0_neutral_split.scale-100_8wekyb3d8bbwe" ProvisionSourceIsBundle="true" PackageType="resource"/><Package FullName="Microsoft.GamingApp_2021.427.138.0_neutral_~_8wekyb3d8bbwe" PackageType="bundle"/><Package FullName="Microsoft.GamingApp_2105.900.24.0_x64__8wekyb3d8bbwe" ProvisionSourceIsBundle="true"/><Package FullName="Microsoft.GamingApp_2105.900.24.0_neutral_split.scale-100_8wekyb3d8bbwe" ProvisionSourceIsBundle="true" PackageType="resource"/><Package FullName="Microsoft.GamingApp_2105.900.24.0_neutral_split.scale-125_8wekyb3d8bbwe" ProvisionSourceIsBundle="true" PackageType="resource"/><Package FullName="Microsoft.XboxGameOverlay_1.47.2385.0_neutral_~_8wekyb3d8bbwe" PackageType="bundle"/><Package FullName="Microsoft.XboxGameOverlay_1.47.2385.0_x64__8wekyb3d8bbwe" ProvisionSourceIsBundle="true"/><Package FullName="Microsoft.XboxGameOverlay_1.47.2385.0_neutral_split.scale-100_8wekyb3d8bbwe" ProvisionSourceIsBundle="true" PackageType="resource"/><Package FullName="Microsoft.XboxGamingOverlay_2.622.3232.0_neutral_~_8wekyb3d8bbwe" PackageType="bundle"/><Package FullName="Microsoft.XboxGamingOverlay_2.622.3232.0_x64__8wekyb3d8bbwe" ProvisionSourceIsBundle="true"/><Package FullName="Microsoft.XboxGamingOverlay_2.622.3232.0_neutral_split.scale-100_8wekyb3d8bbwe" ProvisionSourceIsBundle="true" PackageType="resource"/><Package FullName="Microsoft.XboxGamingOverlay_2.622.3232.0_neutral_split.scale-125_8wekyb3d8bbwe" ProvisionSourceIsBundle="true" PackageType="resource"/><Package FullName="Microsoft.XboxIdentityProvider_12.50.6001.0_neutral_~_8wekyb3d8bbwe" PackageType="bundle"/><Package FullName="Microsoft.XboxIdentityProvider_12.50.6001.0_x64__8wekyb3d8bbwe" ProvisionSourceIsBundle="true"/><Package FullName="Microsoft.Xbox.TCUI_1.23.28004.0_neutral_~_8wekyb3d8bbwe" PackageType="bundle"/><Package FullName="Microsoft.Xbox.TCUI_1.23.28004.0_x64__8wekyb3d8bbwe" ProvisionSourceIsBundle="true"/><Package FullName="Microsoft.Getstarted_2021.2204.1.0_neutral_~_8wekyb3d8bbwe" PackageType="bundle"/><Package FullName="Microsoft.Getstarted_10.2204.1.0_x64__8wekyb3d8bbwe" ProvisionSourceIsBundle="true"/><Package FullName="Microsoft.Getstarted_10.2204.1.0_neutral_split.scale-125_8wekyb3d8bbwe" ProvisionSourceIsBundle="true" PackageType="resource"/><Package FullName="Microsoft.Getstarted_10.2204.1.0_neutral_split.scale-200_8wekyb3d8bbwe" ProvisionSourceIsBundle="true" PackageType="resource"/><Package FullName="Microsoft.Windows.Photos_21.21030.25003.0_neutral_~_8wekyb3d8bbwe" PackageType="bundle"/><Package FullName="Microsoft.Windows.Photos_21.21030.25003.0_x64__8wekyb3d8bbwe" ProvisionSourceIsBundle="true"/><Package FullName="Microsoft.Windows.Photos_21.21030.25003.0_neutral_split.scale-100_8wekyb3d8bbwe" ProvisionSourceIsBundle="true" PackageType="resource"/><Package FullName="Microsoft.Windows.Photos_21.21030.25003.0_neutral_split.scale-125_8wekyb3d8bbwe" ProvisionSourceIsBundle="true" PackageType="resource"/><Package FullName="Microsoft.WindowsMaps_2022.2202.6.0_neutral_~_8wekyb3d8bbwe" PackageType="bundle"/><Package FullName="Microsoft.WindowsMaps_1.0.39.0_x64__8wekyb3d8bbwe" ProvisionSourceIsBundle="true"/><Package FullName="Microsoft.WindowsMaps_1.0.39.0_neutral_split.scale-100_8wekyb3d8bbwe" ProvisionSourceIsBundle="true" PackageType="resource"/><Package FullName="Microsoft.WindowsMaps_1.0.39.0_neutral_split.scale-125_8wekyb3d8bbwe" ProvisionSourceIsBundle="true" PackageType="resource"/><Package FullName="Microsoft.PowerAutomateDesktop_10.0.3735.0_neutral_~_8wekyb3d8bbwe" PackageType="bundle"/><Package FullName="Microsoft.PowerAutomateDesktop_1.0.219.0_x64__8wekyb3d8bbwe" ProvisionSourceIsBundle="true"/><Package FullName="Microsoft.PowerAutomateDesktop_1.0.219.0_neutral_split.scale-100_8wekyb3d8bbwe" ProvisionSourceIsBundle="true" PackageType="resource"/><Package FullName="Microsoft.PowerAutomateDesktop_1.0.219.0_neutral_split.scale-140_8wekyb3d8bbwe" ProvisionSourceIsBundle="true" PackageType="resource"/><Package FullName="Microsoft.PowerAutomateDesktop_1.0.219.0_neutral_split.scale-180_8wekyb3d8bbwe" ProvisionSourceIsBundle="true" PackageType="resource"/><Package FullName="Microsoft.WindowsCamera_2022.2201.4.0_neutral_~_8wekyb3d8bbwe" PackageType="bundle"/><Package FullName="Microsoft.WindowsCamera_2022.2201.4.0_x64__8wekyb3d8bbwe" ProvisionSourceIsBundle="true"/><Package FullName="Microsoft.WindowsCamera_2022.2201.4.0_neutral_split.scale-100_8wekyb3d8bbwe" ProvisionSourceIsBundle="true" PackageType="resource"/><Package FullName="Microsoft.WindowsCamera_2022.2201.4.0_neutral_split.scale-125_8wekyb3d8bbwe" ProvisionSourceIsBundle="true" PackageType="resource"/><Package FullName="Microsoft.DesktopAppInstaller_2022.310.2333.0_neutral_~_8wekyb3d8bbwe" PackageType="bundle"/><Package FullName="Microsoft.DesktopAppInstaller_1.17.10691.0_x64__8wekyb3d8bbwe" ProvisionSourceIsBundle="true"/><Package FullName="Microsoft.DesktopAppInstaller_1.17.10691.0_neutral_split.scale-125_8wekyb3d8bbwe" ProvisionSourceIsBundle="true" PackageType="resource"/><Package FullName="Microsoft.DesktopAppInstaller_1.17.10691.0_neutral_split.scale-100_8wekyb3d8bbwe" ProvisionSourceIsBundle="true" PackageType="resource"/><Package FullName="Microsoft.Paint_11.2201.22.0_neutral_~_8wekyb3d8bbwe" PackageType="bundle"/><Package FullName="Microsoft.Paint_11.2201.22.0_x64__8wekyb3d8bbwe" ProvisionSourceIsBundle="true"/><Package FullName="Microsoft.Paint_11.2201.22.0_neutral_split.scale-100_8wekyb3d8bbwe" ProvisionSourceIsBundle="true" PackageType="resource"/><Package FullName="Microsoft.Paint_11.2201.22.0_neutral_split.scale-125_8wekyb3d8bbwe" ProvisionSourceIsBundle="true" PackageType="resource"/><Package FullName="Microsoft.WebMediaExtensions_1.0.42192.0_neutral_~_8wekyb3d8bbwe" PackageType="bundle"/><Package FullName="Microsoft.WebMediaExtensions_1.0.42192.0_x64__8wekyb3d8bbwe" ProvisionSourceIsBundle="true"/><Package FullName="Microsoft.WebMediaExtensions_1.0.42192.0_neutral_split.scale-100_8wekyb3d8bbwe" ProvisionSourceIsBundle="true" PackageType="resource"/><Package FullName="Microsoft.WebMediaExtensions_1.0.42192.0_neutral_split.scale-125_8wekyb3d8bbwe" ProvisionSourceIsBundle="true" PackageType="resource"/><Package FullName="Microsoft.RawImageExtension_2.1.30391.0_neutral_~_8wekyb3d8bbwe" PackageType="bundle"/><Package FullName="Microsoft.RawImageExtension_2.1.30391.0_x64__8wekyb3d8bbwe" ProvisionSourceIsBundle="true"/><Package FullName="Microsoft.HEIFImageExtension_1.0.43012.0_x64__8wekyb3d8bbwe"/><Package FullName="Microsoft.HEVCVideoExtension_1.0.50361.0_x64__8wekyb3d8bbwe"/><Package FullName="Microsoft.VP9VideoExtensions_1.0.50901.0_x64__8wekyb3d8bbwe"/><Package FullName="Microsoft.WebpImageExtension_1.0.42351.0_x64__8wekyb3d8bbwe"/><Package FullName="MicrosoftWindows.Client.WebExperience_421.20070.195.0_neutral_~_cw5n1h2txyewy" PackageType="bundle"/><Package FullName="MicrosoftWindows.Client.WebExperience_421.20070.195.0_x64__cw5n1h2txyewy" ProvisionSourceIsBundle="true"/><Package FullName="Microsoft.SecHealthUI_1000.22621.1.0_x64__8wekyb3d8bbwe"/><Package FullName="Clipchamp.Clipchamp_2.2.8.0_neutral_~_yxz26nhyzhsrt" PackageType="bundle"/><Package FullName="Clipchamp.Clipchamp_2.2.8.0_neutral__yxz26nhyzhsrt" ProvisionSourceIsBundle="true"/><Package FullName="Clipchamp.Clipchamp_2.2.8.0_neutral_split.scale-100_yxz26nhyzhsrt" ProvisionSourceIsBundle="true" PackageType="resource"/><Package FullName="Clipchamp.Clipchamp_2.2.8.0_neutral_split.scale-125_yxz26nhyzhsrt" ProvisionSourceIsBundle="true" PackageType="resource"/><Package FullName="MicrosoftCorporationII.QuickAssist_2022.414.1758.0_neutral_~_8wekyb3d8bbwe" PackageType="bundle"/><Package FullName="MicrosoftCorporationII.QuickAssist_2.0.5.0_x64__8wekyb3d8bbwe" ProvisionSourceIsBundle="true"/></Provisioned></AppxProvisionList>